claim_id,record_id,claim_text_th,claim_type,source_url,support_level,allowed_rewrite_th,prohibited_phrasing_th,claim_status,review_required
example-eye-comfort,,ช่วยให้ routine ตอนเช้าดูสดขึ้น,comfort_claim,,weak,ใช้เป็น routine/comfort เท่านั้น,ลดขอบตาดำแน่นอน/รักษา/เห็นผลทันที,needs_review,yes
claim-rain-commute-bag-cover-20260604,rain-commute-bag-cover-20260604,ช่วยลดโอกาสกระเป๋าโดนฝนช่วงเดินทาง,utility_claim,https://shopee.co.th/Rhodey-Rain-Cover-Waterproof-Backpack-30-40L-%E0%B8%AA%E0%B8%B5%E0%B8%94%E0%B9%8D%E0%B8%B2-OMBG37BK-i.1749295914.51906187149,medium,ช่วยคลุมกระเป๋าช่วงฝน,กันฝน100%/กันน้ำท่วม/กันลมแรง/ส่งถึงก่อนฝนตก,approved,no
claim-rain-travel-dry-bag-20260604,rain-travel-dry-bag-20260604,ช่วยเก็บของสำคัญให้พร้อมเดินทางช่วงฝน,utility_claim,https://shopee.co.th/%E0%B8%96%E0%B8%B8%E0%B8%87%E0%B8%81%E0%B8%B1%E0%B8%99%E0%B8%99%E0%B9%89%E0%B8%B3-%E0%B8%82%E0%B8%99%E0%B8%B2%E0%B8%94-40-%E0%B8%A5%E0%B8%B4%E0%B8%95%E0%B8%A3-i.1040686199.26725856081,medium,ช่วยแยกของแห้งและของสำคัญ,กันน้ำ100%/จมน้ำได้ทุกสถานการณ์/ไม่ต้องตรวจขนาด,approved,no
claim-mosquito-screen-repair-20260604,mosquito-screen-repair-20260604,ช่วยปิดช่องมุ้งลวดที่ขาด,home_comfort_claim,https://shopee.co.th/Yomihome-%E0%B9%80%E0%B8%97%E0%B8%9B%E0%B8%8B%E0%B9%88%E0%B8%AD%E0%B8%A1%E0%B8%A1%E0%B8%B8%E0%B9%89%E0%B8%87%E0%B8%A5%E0%B8%A7%E0%B8%94-%E0%B8%8B%E0%B9%88%E0%B8%AD%E0%B8%A1%E0%B9%81%E0%B8%8B%E0%B8%A1%E0%B8%A1%E0%B8%B8%E0%B9%89%E0%B8%87%E0%B8%A5%E0%B8%A7%E0%B8%94-%E0%B8%A1%E0%B8%B8%E0%B9%89%E0%B8%87%E0%B8%A5%E0%B8%A7%E0%B8%94%E0%B8%82%E0%B8%B2%E0%B8%94-%E0%B9%80%E0%B8%9B%E0%B9%87%E0%B8%99%E0%B8%A3%E0%B8%B9-%E0%B9%84%E0%B8%A1%E0%B9%88%E0%B8%95%E0%B9%89%E0%B8%AD%E0%B8%87%E0%B9%80%E0%B8%9B%E0%B8%A5%E0%B8%B5%E0%B9%88%E0%B8%A2%E0%B8%99%E0%B8%A1%E0%B8%B8%E0%B9%89%E0%B8%87%E0%B9%83%E0%B8%AB%E0%B8%A1%E0%B9%88-i.415086103.44207399277,strong,ช่วยซ่อมรูมุ้งลวด,ป้องกันโรค/กำจัดยุงทั้งหมด/แทนมาตรการสุขภาพ,approved,no
claim-pride-outdoor-comfort-fan-20260604,pride-outdoor-comfort-fan-20260604,ช่วยพกพัดลมไปงานกลางแจ้งได้สะดวก,convenience_claim,https://shopee.co.th/GOOJODOQ-%E0%B8%9E%E0%B8%B1%E0%B8%94%E0%B8%A5%E0%B8%A1%E0%B8%9E%E0%B8%81%E0%B8%9E%E0%B8%B2-Mini-Fan-%E0%B8%9E%E0%B8%B1%E0%B8%94%E0%B8%A5%E0%B8%A1%E0%B8%A3%E0%B8%B0%E0%B8%9A%E0%B8%B2%E0%B8%A2%E0%B8%84%E0%B8%A7%E0%B8%B2%E0%B8%A1%E0%B9%89%E0%B8%AD%E0%B8%99-5-%E0%B8%AA%E0%B8%9B%E0%B8%B5%E0%B8%94-%E0%B8%9E%E0%B8%B1%E0%B8%94%E0%B8%A5%E0%B8%A1%E0%B8%A1%E0%B8%B7%E0%B8%AD%E0%B8%96%E0%B8%B7%E0%B8%AD%E0%B9%81%E0%B8%9A%E0%B8%9A%E0%B8%8A%E0%B8%B2%E0%B8%A3%E0%B9%8C%E0%B8%88%E0%B9%84%E0%B8%9F%E0%B9%84%E0%B8%94%E0%B9%89-%E0%B8%9E%E0%B8%A3%E0%B9%89%E0%B8%AD%E0%B8%A1%E0%B8%82%E0%B8%B2%E0%B8%95%E0%B8%B1%E0%B9%89%E0%B8%87%E0%B9%82%E0%B8%97%E0%B8%A3%E0%B8%A8%E0%B8%B1%E0%B8%9E%E0%B9%8C-i.1505570169.42757612697,strong,พัดลมพกพาสำหรับงานกลางแจ้ง,เป็นสินค้าทางการของงาน/ใช้ภาพคนจริงหรือเหมารวมชุมชน/การันตี comfort ทุกคน,approved,no
claim-school-rain-kit-20260604,school-rain-kit-20260604,ช่วยติดชื่อของใช้ให้เป็นระเบียบ,organization_claim,https://shopee.co.th/ktunin,strong,สติ๊กเกอร์ชื่อกันน้ำสำหรับของใช้เด็ก,ใช้ข้อมูลเด็กส่วนตัว/กันหาย100%/รับประกันไม่สลับของ,approved,no
claim-phone-waterproof-pouch-20260604,phone-waterproof-pouch-20260604,ช่วยกันมือถือจากฝนปรอยและละอองน้ำ,utility_claim,https://shopee.co.th/%E0%B8%8B%E0%B8%AD%E0%B8%87%E0%B8%81%E0%B8%B1%E0%B8%99%E0%B9%89%E0%B8%B3%E0%B8%AA%E0%B8%B3%E0%B8%AB%E0%B8%A3%E0%B8%B1%E0%B8%9A%E0%B9%82%E0%B8%97%E0%B8%A3%E0%B8%A8%E0%B8%B1%E0%B8%9E%E0%B9%8C%E0%B8%A1%E0%B8%B7%E0%B8%AD%E0%B8%96%E0%B8%B7%E0%B8%AD-%28Waterproof-Phone-Pouch%29-i.7209540.48807514493,medium,ช่วยพกมือถือให้พร้อมใช้งานช่วงฝน,กันน้ำ100%/ใช้น้ำลึก/ปกป้องเครื่องทุกกรณี/เรียกรถไม่ต้องกลัวฝน,approved,no
claim-eye-comfort-routine-20260604,mc-example-tired-eyes-20260604,ช่วยให้ routine ตอนเช้าดูสดขึ้น,comfort_claim,,weak,ใช้เป็น routine/comfort เท่านั้น,ลดขอบตาดำแน่นอน/รักษา/เห็นผลทันที,needs_review,yes
claim-rain-shoe-cover-20260605,rain-shoe-cover-20260605,ช่วยลดโอกาสรองเท้าเปียกช่วงฝน,utility_claim,https://shopee.co.th/%E0%B8%8B%E0%B8%B4%E0%B8%A5%E0%B8%B4%E0%B9%82%E0%B8%84%E0%B8%99%E0%B8%AB%E0%B8%B8%E0%B9%89%E0%B8%A1%E0%B8%A3%E0%B8%AD%E0%B8%87%E0%B9%80%E0%B8%97%E0%B9%89%E0%B8%B2-%E0%B8%96%E0%B8%B8%E0%B8%87%E0%B8%84%E0%B8%A5%E0%B8%B8%E0%B8%A1%E0%B8%A3%E0%B8%AD%E0%B8%87%E0%B9%80%E0%B8%97%E0%B9%89%E0%B8%B2%E0%B8%81%E0%B8%B1%E0%B8%99%E0%B8%9D%E0%B8%99-%E0%B8%99%E0%B9%89%E0%B8%B3-%E0%B8%A5%E0%B8%B7%E0%B9%88%E0%B8%99-waterproof-shoe-covers-i.537856039.20404586738,medium,ช่วยคลุมรองเท้าช่วงฝน,กันน้ำ100%/กันลื่น100%/เดินน้ำท่วมได้/ปลอดภัยทุกพื้น/ทนถาวร/ส่งถึงก่อนฝนตก,approved,no
