record_id,researched_at,signal_date,signal_type,thai_news_source,foreign_context_source,news_summary_th,demand_window,urgency_score,product_need,query_used,product_title,brand_or_shop,price_thb,commission_rate,shopee_url,affiliate_url_if_known,image_url,evidence_url_1,evidence_url_2,why_now_th,claim_limits_th,policy_risk,operator_notes_th,status
rain-umbrella-geeso-20260603,2026-06-03T17:14:10+07:00,2026-06-03,weather,https://www.nationthailand.com/news/general/40066977,,กรมอุตุนิยมวิทยาเตือนมรสุมตะวันตกเฉียงใต้ทำให้ไทยมีฝนฟ้าคะนอง โดยภาคตะวันออกและภาคใต้มีฝนหนักถึงหนักมาก; กรุงเทพฯ และปริมณฑลมีโอกาสฝนฟ้าคะนองในช่วงนี้,24-72h,5,ร่มพับกันฝนพกพา,site:shopee.co.th ร่มพับกันฝน ราคา shopee,GEESO UPF50+ ร่มพกพาขนาดเล็ก 225g Mini Pocket Umbrella,geeso.th,124,,https://shopee.co.th/GEESO-UPF50-%E0%B8%A3%E0%B9%88%E0%B8%A1%E0%B8%9E%E0%B8%81%E0%B8%9E%E0%B8%B2%E0%B8%82%E0%B8%99%E0%B8%B2%E0%B8%94%E0%B9%80%E0%B8%A5%E0%B9%87%E0%B8%81-%E0%B8%A3%E0%B9%88%E0%B8%A1%E0%B8%9E%E0%B8%B1%E0%B8%9A%E0%B8%82%E0%B8%99%E0%B8%B2%E0%B8%94%E0%B9%80%E0%B8%A5%E0%B9%87%E0%B8%81%E0%B8%A1%E0%B8%B2%E0%B8%9E%E0%B8%A3%E0%B9%89%E0%B8%AD%E0%B8%A1%E0%B8%81%E0%B8%A3%E0%B8%B0%E0%B9%80%E0%B8%9B%E0%B9%8B%E0%B8%B2%E0%B8%AA%E0%B8%A7%E0%B8%A2%E0%B9%80%E0%B8%81%E0%B9%8B-225g-%E0%B8%A3%E0%B9%88%E0%B8%A1-%E0%B8%A3%E0%B9%88%E0%B8%A1%E0%B8%91%E0%B8%B1%E0%B8%94%E0%B8%A3%E0%B8%B1%E0%B8%94-%E0%B8%9B%E0%B9%89%E0%B8%AD%E0%B8%87%E0%B8%81%E0%B8%B1%E0%B8%99%E0%B9%81%E0%B8%94%E0%B8%94UV-%E0%B8%81%E0%B8%B1%E0%B8%99%E0%B8%9D%E0%B8%99-Umbrella-%E0%B9%81%E0%B8%9A%E0%B8%9A%E0%B8%9E%E0%B8%81%E0%B8%9E%E0%B8%B2%E0%B8%AA%E0%B8%B0%E0%B8%94%E0%B8%A7%E0%B8%81-%E0%B8%99%E0%B9%83%E0%B8%AB%E0%B8%99%E0%B8%B1%E0%B8%81%E0%B9%80%E0%B8%9A%E0%B8%B2-Mini-Pocket-Umbrella-Portable-i.992764736.24535183409,,,https://www.nationthailand.com/news/general/40066977,https://shopee.co.th/list/%E0%B8%A3%E0%B9%88%E0%B8%A1%E0%B8%9E%E0%B8%B1%E0%B8%9A%E0%B8%82%E0%B8%99%E0%B8%B2%E0%B8%94%E0%B9%80%E0%B8%A5%E0%B9%87%E0%B8%81,ฝนช่วงมรสุมทำให้สินค้าพกร่มมี timing ชัด โดยเฉพาะคนเดินทางในเมืองและภาคฝนหนัก; เลือกสินค้าราคาไม่สูง พกง่าย มีข้อมูลน้ำหนัก 225g และร้านคะแนน 4.9,ห้ามรับประกันกันฝนหนัก/กันลมแรง/ส่งถึงก่อนฝนตก/ลดราคาถาวร/กัน UV แบบเกินข้อมูลสินค้า; ห้าม fearmongering เรื่องพายุ,low,ต้องสร้าง affiliate shortlink/subId หลัง Shopee approval; ใช้ product URL เป็น source ชั่วคราวก่อน a...,candidate
rain-shoe-covers-thc-20260603,2026-06-03T21:08:00+07:00,2026-06-03,weather,https://www.tmd.go.th/forecast/daily/010620260600,https://www.khaosodenglish.com/news/2026/06/02/storm-warning-issued-for-bangkok-and-37-provinces/,กรมอุตุนิยมวิทยาและสื่อไทยรายงานฝนตกต่อเนื่อง/ฝนหนักจากมรสุมตะวันตกเฉียงใต้ในหลายพื้นที่ รวมถึงกรุงเทพฯ และปริมณฑล จึงเหมาะกับสินค้าช่วยเดินทางช่วงฝน,24-72h,4,ถุงคลุมรองเท้ากันฝนสำหรับเดินทางในเมือง,site:shopee.co.th ถุงคลุมรองเท้ากันฝน ซิลิโคน ราคา Shopee,ซิลิโคนหุ้มรองเท้า ถุงคลุมรองเท้ากันฝน waterproof shoe covers,Thai Home Center,19,,https://shopee.co.th/%E0%B8%8B%E0%B8%B4%E0%B8%A5%E0%B8%B4%E0%B9%82%E0%B8%84%E0%B8%99%E0%B8%AB%E0%B8%B8%E0%B9%89%E0%B8%A1%E0%B8%A3%E0%B8%AD%E0%B8%87%E0%B9%80%E0%B8%97%E0%B9%89%E0%B8%B2-%E0%B8%96%E0%B8%B8%E0%B8%87%E0%B8%84%E0%B8%A5%E0%B8%B8%E0%B8%A1%E0%B8%A3%E0%B8%AD%E0%B8%87%E0%B9%80%E0%B8%97%E0%B9%89%E0%B8%B2%E0%B8%81%E0%B8%B1%E0%B8%99%E0%B8%9D%E0%B8%99-%E0%B8%99%E0%B9%89%E0%B8%B3-%E0%B8%A5%E0%B8%B7%E0%B9%88%E0%B8%99-waterproof-shoe-covers-i.537856039.20404586738,,https://down-th.imgsusercontent.com/file/th-11134207-7r98w-lpste4sifggqa1,https://www.khaosodenglish.com/news/2026/06/02/storm-warning-issued-for-bangkok-and-37-provinces/,https://shopee.co.th/%E0%B8%8B%E0%B8%B4%E0%B8%A5%E0%B8%B4%E0%B9%82%E0%B8%84%E0%B8%99%E0%B8%AB%E0%B8%B8%E0%B9%89%E0%B8%A1%E0%B8%A3%E0%B8%AD%E0%B8%87%E0%B9%80%E0%B8%97%E0%B9%89%E0%B8%B2-%E0%B8%96%E0%B8%B8%E0%B8%87%E0%B8%84%E0%B8%A5%E0%B8%B8%E0%B8%A1%E0%B8%A3%E0%B8%AD%E0%B8%87%E0%B9%80%E0%B8%97%E0%B9%89%E0%B8%B2%E0%B8%81%E0%B8%B1%E0%B8%99%E0%B8%9D%E0%B8%99-%E0%B8%99%E0%B9%89%E0%B8%B3-%E0%B8%A5%E0%B8%B7%E0%B9%88%E0%B8%99-waterproof-shoe-covers-i.537856039.20404586738,ช่วงฝนตกและพื้นเปียกในเมือง คนเดินทาง/ขึ้นรถไฟฟ้า/มอเตอร์ไซค์รับจ้างมี pain เรื่องรองเท้าเปียก สินค้านี้ราคาต่ำ พกง่าย และทำคอนเทนต์ demo เห็นภาพเร็ว,"ห้ามเคลมกันลื่น 100%, กันน้ำ 100%, ใส่แล้วปลอดภัยทุกพื้น, เดินน้ำท่วมได้, ทนทานถาวร, ส่งถึงก่อนฝนตก; ใช้คำว่า ช่วยลดโอกาสรองเท้าเปียก/ช่วยคลุมรองเท้าช่วงฝน แทน",low-medium: ต้อ...,candidate
hanky-dry-towel-20260604,2026-06-04T13:45:00+07:00,2026-06-04,weather,https://www.tmd.go.th/forecast/daily,,กรมอุตุฯ เตือนฝนตกหนักร้อยละ 60-70 ของพื้นที่ กทม. และปริมณฑลช่วงบ่ายถึงค่ำ เหมาะกับสินค้าซับน้ำและพกพาสะดวก,24-72h,5,ผ้าเช็ดตัวซับน้ำแห้งเร็วพกพา,shopee th ผ้าเช็ดตัวแห้งเร็ว พกพา ไมโครไฟเบอร์,Hanky House ผ้าเช็ดตัวไมโครไฟเบอร์ แห้งไว พกพานง่าย,Hanky House,59,,https://shopee.co.th/Hanky-House-%E0%B8%9C%E0%B9%89%E0%B8%B2%E0%B9%80%E0%B8%8A%E0%B9%87%E0%B8%94%E0%B8%95%E0%B8%B1%E0%B8%A7%E0%B9%84%E0%B8%A1%E0%B9%82%E0%B8%84%E0%B8%A3%E0%B9%84%E0%B8%9F%E0%B9%80%E0%B8%9A%E0%B8%AD%E0%B8%A3%E0%B9%8C-%E0%B8%9C%E0%B9%89%E0%B8%B2%E0%B9%80%E0%B8%8A%E0%B9%87%E0%B8%94%E0%B8%9C%E0%B8%A1-%E0%B8%9E%E0%B8%81%E0%B8%9E%E0%B8%B2%E0%B8%AA%E0%B8%B0%E0%B8%94%E0%B8%A7%E0%B8%81-%E0%B9%81%E0%B8%AB%E0%B9%89%E0%B8%87%E0%B9%84%E0%B8%A7-i.10936364.2372334541,,https://down-th.img.susercontent.com/file/sg-11134201-7rd5z-lxm0o6u1jshf2a,https://www.tmd.go.th/forecast/daily,,การต้องซับหน้าฝนหลังลงจากรถสาธารณะเป็น Human Tension ที่จริงมาก สินค้าตัวนี้พับจิ๋วและซับน้ำได้จริง มี Narrative Value สูงในการเปลี่ยนคนจาก Chaos เป็น Ready,เน้นการซับน้ำและพับพกพา ไม่เคลมการเช็ดแห้งแบบผ้าขนหนูอาบน้ำผืนใหญ่,low,ใช้สไตล์ Branded Entertainment เน้นงานภาพแนว Cinematic Urban เพื่อสร้างความพรีเมียมให้แบรนด์,ready_for_normalizer
phone-waterproof-pouch-20260604,2026-06-04T22:43:15+07:00,2026-06-04,commerce,,,Shopee live listing for a waterproof phone pouch stayed active with a visible low-price floor and multiple variant options,24-72h,4,ซองกันน้ำมือถือ,site:shopee.co.th ซองใส่โทรศัพท์กันน้ำ,ซองกันน้ำสำหรับโทรศัพท์มือถือ (Waterproof Phone Pouch),Sorraweeox Shop,109,,https://shopee.co.th/%E0%B8%8B%E0%B8%AD%E0%B8%87%E0%B8%81%E0%B8%B1%E0%B8%99%E0%B9%89%E0%B8%B3%E0%B8%AA%E0%B8%B3%E0%B8%AB%E0%B8%A3%E0%B8%B1%E0%B8%9A%E0%B9%82%E0%B8%97%E0%B8%A3%E0%B8%A8%E0%B8%B1%E0%B8%9E%E0%B9%8C%E0%B8%A1%E0%B8%B7%E0%B8%AD%E0%B8%96%E0%B%B7%E0%B8%AD-%28Waterproof-Phone-Pouch%29-i.7209540.48807514493,,,https://shopee.co.th/%E0%B8%8B%E0%B8%AD%E0%B8%87%E0%B8%B1%E0%B8%99%E0%B9%89%E0%B8%B3%E0%B8%AA%E0%B8%B3%E0%B8%AB%E0%B8%A3%E0%B8%B1%E0%B8%9A%E0%B9%82%E0%B8%97%E0%B8%A3%E0%B8%A8%E0%B8%B1%E0%B8%9E%E0%B9%8C%E0%B8%A1%E0%B8%B7%E0%B8%AD%E0%B8%96%E0%B%B7%E0%B8%AD-%28Waterproof-Phone-Pouch%29-i.7209540.48807514493,https://shopee.co.th/search?keyword=%E0%B8%8B%E0%B8%AD%E0%B8%87%E0%B9%81%E0%B8%99%E0%B9%89%E0%B8%B3+%E0%B8%A1%E0%B8%B7%E0%B8%AD+%E0%B8%96%E0%B8%B7%E0%B8%AD+%E0%B8%96%E0%B9%88%E0%B8%B2%E0%B8%A2%E0%B8%A3%E0%B8%B9%E0%B8%9B%E0%B9%83%E0%B8%95%E0%B9%89%E0%B8%99%E0%B9%89%E0%B8%B3,ฝนปรอยและ commuting pain ทำให้ phone pouch มี timing ชัด; listing active ราคาต่ำและมี 5 options ตาม crawl,ใช้ได้แค่เป็นซองกันน้ำสำหรับมือถือช่วงฝนหรือละอองน้ำ; ไม่เคลมกันน้ำลึก 100%; ไม่เคลมใช้ใต้น้ำถาวร; ไม่เคลมปกป้องเครื่องทุกกรณี,low,Shopee crawl shows 5 options and carousel images; active shop COD and delivery window visible; stock and SKU count are not publicly exposed beyond listing ID so keep claims to rain/splash protection only,candidate
rain-commute-bag-cover-20260604,2026-06-05T02:44:27+07:00,2026-06-04,weather,https://www.tmd.go.th/forecast/daily/010620260600,,กรมอุตุนิยมวิทยาเตือนฝนต่อเนื่องช่วงหน้าฝน ทำให้คนเดินทางในเมืองต้องการคลุมกระเป๋าให้แห้ง,24-72h,4,ผ้าคลุมกระเป๋าเป้กันฝน,site:shopee.co.th rain cover กระเป๋าเป้กันฝน,Rhodey Rain Cover Waterproof Backpack 30-40L - สีดํา - OMBG37BK,alfatihstoreide0.th,146,,https://shopee.co.th/Rhodey-Rain-Cover-Waterproof-Backpack-30-40L-%E0%B8%AA%E0%B8%B5%E0%B8%94%E0%B9%8D%E0%B8%B2-OMBG37BK-i.1749295914.51906187149,,,https://www.tmd.go.th/forecast/daily/010620260600,https://shopee.co.th/list/%E0%B8%A3%E0%B9%88%E0%B8%A1%E0%B8%9E%E0%B8%B1%E0%B8%9A%E0%B8%82%E0%B8%99%E0%B8%B2%E0%B8%94%E0%B9%80%E0%B8%A5%E0%B9%87%E0%B8%81,ฝนช่วงมรสุมทำให้สินค้าคลุมกระเป๋ามี timing ชัด โดยเฉพาะคนเดินทางในเมือง; รุ่นนี้มีขนาดรองรับ 30-40L และร้าน active,ช่วยคลุมกระเป๋าช่วงฝน; ไม่เคลมกันฝน100%/กันลมแรง/ส่งถึงก่อนฝนตก/กัน UV เกินข้อมูลสินค้า,low,Product page shows 1/10 and active shop; keep copy utility-only,candidate
rain-travel-dry-bag-20260604,2026-06-05T02:44:27+07:00,2026-06-04,weather,https://www.tmd.go.th/en/warning-and-events/warning-storm/heavy-to-very-heavy-rains-in-thailand-strong-wind-waves-in-the-andaman-sea-no-11-89-2026,,ฝนหนักภาคใต้และ travel chatter ทำให้มุมแพ็กของแห้งยังสด,24-72h,4,กระเป๋า dry bag สำหรับเที่ยวหน้าฝน,site:shopee.co.th dry bag waterproof กระเป๋ากันน้ำ ท่องเที่ยว,BLUEFIELD ถุงกันน้ำ แบบพกพา ขนาด 40 ลิตร รุ่น 090115 (คละสี) ถุงเดินป่า,BLUEFIELD,84,,https://shopee.co.th/BLUEFIELD-%E0%B8%96%E0%B8%B8%E0%B8%87%E0%B8%81%E0%B8%B1%E0%B8%99%E0%B8%99%E0%B9%89%E0%B8%B3-%E0%B9%81%E0%B8%9A%E0%B8%9A%E0%B8%9E%E0%B8%81%E0%B8%9E%E0%B8%B2-%E0%B8%82%E0%B8%99%E0%B8%B2%E0%B8%94-40-%E0%B8%A5%E0%B8%B4%E0%B8%95%E0%B8%A3-%E0%B8%A3%E0%B8%B8%E0%B9%88%E0%B8%99-090115-%28%E0%B8%84%E0%B8%A5%E0%B8%B0%E0%B8%AA%E0%B8%B5%29-%E0%B8%96%E0%B8%B8%E0%B8%87%E0%B9%80%E0%B8%94%E0%B8%B4%E0%B8%99%E0%B8%9B%E0%B9%88%E0%B8%B2-i.18631943.5755626552,,,https://www.tmd.go.th/en/warning-and-events/warning-storm/heavy-to-very-heavy-rains-in-thailand-strong-wind-waves-in-the-andaman-sea-no-11-89-2026,https://shopee.co.th/search?keyword=%E0%B8%81%E0%B8%A3%E0%B8%B0%E0%B9%80%E0%B8%9B%E0%B9%8B%E0%B8%B2+40+%E0%B8%A5%E0%B8%B4%E0%B8%95%E0%B8%A3,ช่วยแยกของแห้งและของสำคัญช่วงเดินทาง; ไม่เคลมกันน้ำ100%/จมน้ำได้ทุกสถานการณ์/ไม่ต้องตรวจขนาด,medium,Visible 40L travel-dry-bag listing and active price floor make the travel-prep angle usable,candidate
mosquito-screen-repair-20260604,2026-06-05T02:44:27+07:00,2026-06-04,weather,https://www.tmd.go.th/forecast/daily,,กรมอุตุฯ เตือนฝนช่วงหน้าฝนทำให้บ้านควรเช็กช่องมุ้งลวดก่อนยุงเข้าบ้าน,24-72h,4,เทปซ่อมมุ้งลวด,site:shopee.co.th มุ้งลวดซ่อม เทปมุ้งลวด กันยุง,Yomihome เทปซ่อมมุ้งลวด ซ่อมแซมมุ้งลวด มุ้งลวดขาด เป็นรู ไม่ต้องเปลี่ยนมุ้งใหม่,Yomi Home Official Shop,59,,https://shopee.co.th/Yomihome-%E0%B9%80%E0%B8%97%E0%B8%9B%E0%B8%8B%E0%B9%88%E0%B8%AD%E0%B8%A1%E0%B8%B8%E0%B9%89%E0%B8%87%E0%B8%A5%E0%B8%A7%E0%B8%94-%E0%B8%8B%E0%B9%88%E0%B8%AD%E0%B8%A1%E0%B9%81%E0%B8%8B%E0%B8%A1%E0%B8%A1%E0%B8%B8%E0%B9%89%E0%B8%87%E0%B8%A5%E0%B8%A7%E0%B8%94-%E0%B8%A1%E0%B8%B8%E0%B9%89%E0%B8%87%E0%B8%A5%E0%B8%A7%E0%B8%94%E0%B8%82%E0%B8%B2%E0%B8%94-%E0%B9%80%E0%B8%9B%E0%B9%87%E0%B8%99%E0%B8%A3%E0%B8%B9-%E0%B9%84%E0%B8%A1%E0%B9%88%E0%B8%95%E0%B9%89%E0%B8%AD%E0%B8%87%E0%B9%80%E0%B8%9B%E0%B8%A5%E0%B8%B5%E0%B9%88%E0%B8%A2%E0%B8%99%E0%B8%A1%E0%B8%B8%E0%B9%89%E0%B8%87%E0%B9%83%E0%B8%AB%E0%B8%A1%E0%B9%88-i.415086103.44207399277,,,https://shopee.co.th/Yomihome-%E0%B9%80%E0%B8%97%E0%B8%9B%E0%B8%8B%E0%B9%88%E0%B8%AD%E0%B8%A1%E0%B8%B8%E0%B9%89%E0%B8%87%E0%B8%A5%E0%B8%A7%E0%B8%94-%E0%B8%8B%E0%B9%88%E0%B8%AD%E0%B8%A1%E0%B9%81%E0%B8%8A%E0%B8%A1%E0%B8%A1%E0%B8%B8%E0%B9%89%E0%B8%87%E0%B8%A5%E0%B8%A7%E0%B8%94-%E0%B8%A1%E0%B8%B8%E0%B9%89%E0%B8%87%E0%B8%A5%E0%B8%A7%E0%B8%94%E0%B8%82%E0%B8%B2%E0%B8%94-%E0%B9%80%E0%B8%9B%E0%B9%87%E0%B8%99%E0%B8%A3%E0%B8%B9-%E0%B9%84%E0%B8%A1%E0%B9%88%E0%B8%95%E0%B9%89%E0%B8%AD%E0%B8%87%E0%B9%80%E0%B8%9B%E0%B8%A5%E0%B8%B5%E0%B9%88%E0%B8%A2%E0%B8%99%E0%B8%A1%E0%B8%B8%E0%B9%89%E0%B8%87%E0%B9%83%E0%B8%AB%E0%B9%88-i.415086103.44207399277,ช่วยปิดช่องมุ้งลวดที่ขาด; ไม่พูดป้องกันโรค/กำจัดยุงทั้งหมด/แทนมาตรการสุขภาพ,low,Official shop active; keep the claim at home-comfort level only,candidate
pride-outdoor-comfort-fan-20260604,2026-06-05T02:44:27+07:00,2026-06-04,commerce,,,Pride Month event-comfort timing remains visible and the portable-fan path is the safest utility angle,24-72h,3,พัดลมพกพาสำหรับงานกลางแจ้ง,site:shopee.co.th พัดลมพกพา กระเป๋าใส clear bag event,GOOJODOQ พัดลมพกพา Mini Fan พัดลมระบายความร้อน 5 สปีด พัดลมมือถือแบบชาร์จไฟได้ พร้อมขาตั้งโทรศัพท์,GOOJODOQ Mall,65,,https://shopee.co.th/GOOJODOQ-%E0%B8%9E%E0%B8%B1%E0%B8%94%E0%B8%A1%E0%B8%9E%E0%B8%B2-Mini-Fan-%E0%B8%9E%E0%B8%B1%E0%B8%94%E0%B8%A1%E0%B8%A3%E0%B8%B0%E0%B8%9A%E0%B8%B2%E0%B8%A2%E0%B8%84%E0%B8%A7%E0%B8%B2%E0%B8%A1%E0%B8%A3%E0%B9%89%E0%B8%AD%E0%B8%99-5-%E0%B8%AA%E0%B8%9B%E0%B8%B5%E0%B8%94-%E0%B8%9E%E0%B8%B1%E0%B8%94%E0%B8%A1%E0%B8%A1%E0%B8%B7%E0%B8%AD%E0%B8%96%E0%B8%B7%E0%B8%AD%E0%B9%81%E0%B8%9A%E0%B8%9A%E0%B8%8A%E0%B8%B2%E0%B8%A3%E0%B9%8C%E0%B8%88%E0%B9%84%E0%B8%9F%E0%B9%84%E0%B8%94%E0%B9%89-%E0%B8%9E%E0%B8%A3%E0%B9%89%E0%B8%AD%E0%B8%A1%E0%B8%82%E0%B8%B2%E0%B8%95%E0%B8%B1%E0%B9%89%E0%B8%87%E0%B9%82%E0%B8%97%E0%B8%A3%E0%B8%A8%E0%B8%B1%E0%B8%9E%E0%B9%8C-i.1505570169.42757612697,,,https://shopee.co.th/GOOJODOQ-%E0%B8%9E%E0%B8%B1%E0%B8%94%E0%B8%A1%E0%B8%9E%E0%B8%B2-Mini-Fan-%E0%B8%9E%E0%B8%B1%E0%B8%94%E0%B8%A1%E0%B8%A3%E0%B8%B0%E0%B8%9A%E0%B8%B2%E0%B8%A2%E0%B8%84%E0%B8%A7%E0%B8%B2%E0%B8%A1%E0%B8%A3%E0%B9%89%E0%B8%AD%E0%B8%99-5-%E0%B8%AA%E0%B8%9B%E0%B8%B5%E0%B8%94-%E0%B8%9E%E0%B8%B1%E0%B8%94%E0%B8%A1%E0%B8%A1%E0%B7%B7%E0%B8%AD%E0%B8%96%E0%B8%B7%E0%B8%AD%E0%B9%81%E0%B8%9A%E0%B8%9A%E0%B8%8A%E0%B8%B2%E0%B8%A3%E0%B9%8C%E0%B8%88%E0%B9%84%E0%B8%9F%E0%B9%84%E0%B8%94%E0%B9%89-%E0%B8%9E%E0%B8%A3%E0%B9%89%E0%B8%AD%E0%B8%A1%E0%B8%82%E0%B8%B2%E0%B8%95%E0%B8%B1%E0%B9%89%E0%B8%87%E0%B9%82%E0%B8%97%E0%B8%A3%E0%B8%A8%E0%B8%B1%E0%B8%9E%E0%B9%8C-i.1505570169.42757612697,https://shopee.co.th/list/%E0%B8%9E%E0%B8%B1%E0%B8%94%E0%B8%A1%E0%B8%9E%E0%B8%B1%E0%B8%81%E0%B8%9E%E0%B8%B2,ช่วยพกพัดลมไปงานกลางแจ้งได้สะดวก; ไม่ใช่สินค้าทางการของงาน; ไม่ใช้ภาพคนจริง/เหมารวมชุมชน/การันตี comfort ทุกคน,low,Active listing and visible 4 options make the utility angle safe and simple,candidate
school-rain-kit-20260604,2026-06-05T02:44:27+07:00,2026-06-04,weather,https://www.moe.go.th/,,เปิดเทอมหน้าฝนยังต้องการของใช้ติดชื่อที่กันน้ำและดูเป็นระเบียบ,24-72h,4,สติกเกอร์ชื่อกันน้ำสำหรับของใช้เด็ก,site:shopee.co.th สติกเกอร์ชื่อกันน้ำ ป้ายชื่อนักเรียน rain cover กระเป๋านักเรียน,*มีทุกขนาด*สติ๊กเกอร์ชื่อกันน้ำ อย่างดี ติดปกสมุดหนังสือ เลือกการ์ตูน/ fonts ได้,KSticker Premium,35,,https://shopee.co.th/ktunin,,,https://shopee.co.th/ktunin,https://shopee.co.th/list/%E0%B8%AA%E0%B8%95%E0%B8%B4%E0%B9%8A%E0%B8%81%E0%B9%80%E0%B8%81%E0%B8%AD%E0%B8%A3%E0%B9%8C/%E0%B9%80%E0%B8%82%E0%B8%B5%E0%B8%A2%E0%B8%99%E0%B8%8A%E0%B8%B7%E0%B9%88%E0%B8%AD,สติกเกอร์ชื่อกันน้ำสำหรับของใช้เด็กและเครื่องเขียน; ไม่ใช้ข้อมูลเด็กส่วนตัว/กันหาย100%/รับประกันไม่สลับของ,low,Shop page shows active KSticker Premium listings and visible 35-baht price point,candidate
rain-shoe-cover-20260605,2026-06-05T14:53:01+07:00,2026-06-05,weather,https://www.tmd.go.th/forecast/daily/010620260600,,กรมอุตุนิยมวิทยาระบุฝนต่อเนื่องและมีฝนหนักบางแห่ง ทำให้ถุงคลุมรองเท้าเป็นของจำเป็นสำหรับการเดินทางช่วงฝน,24-72h,5,ถุงคลุมรองเท้ากันฝนพกพาสำหรับเดินทางในเมือง,site:shopee.co.th shoe cover ถุงคลุมรองเท้ากันน้ำ,ซิลิโคนหุ้มรองเท้า ถุงคลุมรองเท้ากันฝน น้ำ ลื่น waterproof shoe covers,Thai Home Center,19,,https://shopee.co.th/%E0%B8%8B%E0%B8%B4%E0%B8%A5%E0%B8%B4%E0%B9%82%E0%B8%84%E0%B8%99%E0%B8%AB%E0%B8%B8%E0%B9%89%E0%B8%A1%E0%B8%A3%E0%B8%AD%E0%B8%87%E0%B9%80%E0%B8%97%E0%B9%89%E0%B8%B2-%E0%B8%96%E0%B8%B8%E0%B8%87%E0%B8%84%E0%B8%A5%E0%B8%B8%E0%B8%A1%E0%B8%A3%E0%B8%AD%E0%B8%87%E0%B9%80%E0%B8%97%E0%B9%89%E0%B8%B2%E0%B8%81%E0%B8%B1%E0%B8%99%E0%B8%9D%E0%B8%99-%E0%B8%99%E0%B9%89%E0%B8%B3-%E0%B8%A5%E0%B8%B7%E0%B9%88%E0%B8%99-waterproof-shoe-covers-i.537856039.20404586738,,https://down-th.imgsusercontent.com/file/th-11134207-7r98w-lpste4sifggqa1,https://www.tmd.go.th/forecast/daily/010620260600,https://shopee.co.th/list/%E0%B8%A3%E0%B8%AD%E0%B8%87%E0%B9%80%E0%B8%97%E0%B9%89%E0%B8%B2%E0%B8%8B%E0%B8%B4%E0%B8%A5%E0%B8%B4%E0%B9%82%E0%B8%84%E0%B8%99%E0%B8%81%E0%B8%B1%E0%B8%99%E0%B8%99%E0%B9%89%E0%B8%B3,ฝนต่อเนื่องและการเดินทางในเมืองทำให้รองเท้าเปียกเป็น pain ชัด; listing active และราคา floor 19 บาทเข้าถึงง่าย,ช่วยลดโอกาสรองเท้าเปียก/ช่วยคลุมรองเท้าช่วงฝน; ห้ามเคลมกันน้ำ100%/กันลื่น100%/เดินน้ำท่วมได้/ปลอดภัยทุกพื้น/ทนถาวร/ส่งถึงก่อนฝนตก,low-medium,Shopee snippet showed an active product at ฿19; SKU count and stock were not public so keep the copy utility-only,candidate
