task_id,created_at,updated_at,owner_team,owner_agent,stage,status,priority,source_ref,signal_id,cluster_id,product_candidate_id,summary_th,next_action,next_retry_at,retry_count,last_error,human_action_needed,notes_th
example-capture-news-weather,2026-06-04T00:00:00+07:00,2026-06-04T00:00:00+07:00,news_desk,news_sensor_thai_weather,capture,captured,medium,tmd_or_prd_example,,,,ตัวอย่างงานจับสัญญาณอากาศ/ฤดูกาล,normalize_and_score,,0,,no,ใช้เป็น template เท่านั้น
example-red-signal-review,2026-06-04T00:00:00+07:00,2026-06-04T00:00:00+07:00,ethics_brand_safety,ethics_gate,ethics_review,blocked,high,example_social_signal,example-domestic-violence-injury,,,ตัวอย่าง red signal ที่ห้าม map เป็นสินค้า,archive_as_social_learning,,0,,yes,ห้ามสร้าง product prompt จากข่าวทำร้ายร่างกาย/ฟกช้ำของคนจริง
task-research-rain-bag-cover-20260604,2026-06-04T14:30:00+07:00,2026-06-04T18:42:58+07:00,product_research,research_validation_sweep,research_validation,completed,high,mc-rain-commute-bag-cover-20260604,ad-hoc-rain-commute-bag-cover-20260604,cluster-rain-commute-bag-cover-20260604,rain-commute-bag-cover-20260604,ตรวจ Shopee rain cover กระเป๋าเป้ที่ภาพชัดและราคา impulse,normalize_candidate_row,,0,,no,Validated Shopee product page with visible price and active shop; candidate row appended
task-research-dry-bag-20260604,2026-06-04T14:30:00+07:00,2026-06-04T18:42:58+07:00,product_research,research_validation_sweep,research_validation,completed,high,mc-rain-travel-dry-bag-20260604,ad-hoc-rain-travel-dry-bag-20260604,cluster-rain-travel-dry-bag-20260604,rain-travel-dry-bag-20260604,ตรวจ dry bag สำหรับ travel prep และส่ง human review เรื่อง flood signal,normalize_candidate_row,,0,,no,Validated active waterproof bag listing with visible size/price; candidate row appended
task-research-mosquito-screen-20260604,2026-06-04T14:30:00+07:00,2026-06-04T18:42:58+07:00,product_research,research_validation_sweep,research_validation,completed,medium,mc-mosquito-screen-repair-20260604,ad-hoc-rainy-season-mosquito-home-20260604,cluster-mosquito-home-rainy-season-20260604,mosquito-screen-repair-20260604,ตรวจเทปซ่อมมุ้งลวดและ claim home comfort เท่านั้น,normalize_candidate_row,,0,,no,Validated active screen repair tape; keep claims at home-comfort level only
task-research-pride-kit-20260604,2026-06-04T16:12:41+07:00,2026-06-04T18:42:58+07:00,product_research,research_validation_sweep,research_validation,completed,medium,mc-pride-outdoor-comfort-kit-20260604,ad-hoc-pride-outdoor-event-kit-20260604,cluster-pride-outdoor-event-kit-20260604,pride-outdoor-comfort-fan-20260604,ตรวจพัดลมพกพาหรือ clear bag สำหรับ event comfort,normalize_candidate_row,,0,,no,Validated Pride Month context and active portable fan listing; keep identity-neutral
task-research-school-rain-kit-20260604,2026-06-04T14:30:00+07:00,2026-06-04T18:42:58+07:00,product_research,research_validation_sweep,research_validation,completed,high,mc-back-to-school-rain-kit-20260604,ad-hoc-back-to-school-rain-kit-20260604,cluster-back-to-school-rain-kit-20260604,school-rain-kit-20260604,ตรวจสติกเกอร์ชื่อกันน้ำหรือ rain cover นักเรียน พร้อมราคาและ SKU,normalize_candidate_row,,0,,no,Validated MOE back-to-school timing and waterproof name-sticker listing
task-review-eye-comfort-20260604,2026-06-04T18:42:58+07:00,2026-06-04T18:42:58+07:00,product_research,research_validation_sweep,human_review,queued,medium,mc-example-tired-eyes-20260604,example-celebrity-late-night-tired-eyes,cluster-example-tired-eyes,,ตรวจว่า example tired-eyes ควรยกเป็นสินค้า eye-comfort หรือเก็บเป็นตัวอย่าง,request_human_decision,,0,,yes,health/cosmetic-adjacent; need explicit product choice and claim review before normalization
task-research-phone-waterproof-pouch-20260604,2026-06-04T19:41:32+07:00,2026-06-04T22:43:15+07:00,product_research,research_validation_sweep,research_validation,completed,medium,mc-phone-waterproof-pouch-20260604,shopee-phone-waterproof-pouch-20260604,cluster-phone-waterproof-pouch-20260604,phone-waterproof-pouch-20260604,ตรวจซองกันน้ำมือถือและยืนยันราคา/ขนาดบน Shopee,normalize_candidate_row,,0,,no,Validated active Shopee listing with visible price floor
task-scout-tmd-heavy-rain-20260605,2026-06-05T01:03:23+07:00,2026-06-05T01:03:23+07:00,news_desk,viral_scout_web,capture,captured,medium,tmd_weather,tmd-heavy-rain-commute-20260604,cluster-rain-commute-bag-cover-20260604,,,recheck TMD Bangkok thunderstorm risk,refresh_cluster_and_marketing,,0,,no
task-scout-tmd-southwest-coast-20260605,2026-06-05T01:03:23+07:00,2026-06-05T01:03:23+07:00,news_desk,viral_scout_web,capture,captured,medium,tmd_weather,tmd-southwest-coast-heavy-rain-20260604,cluster-rain-travel-dry-bag-20260604,,,recheck south-west coast travel-prep warning,refresh_cluster_and_marketing,,0,,no
task-scout-shopee-phone-waterproof-pouch-20260605,2026-06-05T01:03:23+07:00,2026-06-05T01:03:23+07:00,product_research,viral_scout_web,capture,captured,medium,shopee_product_page,shopee-phone-waterproof-pouch-budget-20260605,cluster-phone-waterproof-pouch-20260604,,,recheck 99-baht phone-pouch floor,refresh_cluster_and_marketing,,0,,no
task-scout-tmd-heavy-rain-20260605-r2,2026-06-05T02:03:08+07:00,2026-06-05T02:03:08+07:00,news_desk,viral_scout_web,capture,captured,medium,tmd_weather,tmd-heavy-rain-commute-20260604,cluster-rain-commute-bag-cover-20260604,,,repeat TMD Bangkok thunderstorm recheck,refresh_cluster_and_marketing,,0,,no
task-scout-tmd-southwest-coast-20260605-r2,2026-06-05T02:03:08+07:00,2026-06-05T02:03:08+07:00,news_desk,viral_scout_web,capture,captured,medium,tmd_weather,tmd-southwest-coast-heavy-rain-20260604,cluster-rain-travel-dry-bag-20260604,,,repeat south-west coast travel-prep recheck,refresh_cluster_and_marketing,,0,,no
task-scout-shopee-phone-waterproof-pouch-20260605-r2,2026-06-05T02:03:08+07:00,2026-06-05T02:03:08+07:00,product_research,viral_scout_web,capture,captured,medium,shopee_product_page,shopee-phone-waterproof-pouch-budget-20260605,cluster-phone-waterproof-pouch-20260604,,,repeat 99-baht phone-pouch recheck,refresh_cluster_and_marketing,,0,,no
task-scout-tmd-heavy-rain-20260605-r3,2026-06-05T03:06:48+07:00,2026-06-05T03:06:48+07:00,news_desk,viral_scout_web,capture,captured,medium,tmd_weather,tmd-heavy-rain-commute-20260605,cluster-rain-commute-bag-cover-20260604,,fresh TMD Bangkok thunderstorm recheck,refresh_cluster_and_marketing,,0,,no,current daily forecast keeps commute rain angle active
task-scout-tmd-southwest-coast-20260605-r3,2026-06-05T03:06:48+07:00,2026-06-05T03:06:48+07:00,news_desk,viral_scout_web,capture,captured,medium,tmd_weather,tmd-southwest-coast-heavy-rain-20260604,cluster-rain-travel-dry-bag-20260604,,repeat south-west coast travel-prep recheck,refresh_cluster_and_marketing,,0,,no,current advisory still supports dry-bag travel prep
task-scout-shopee-phone-waterproof-pouch-20260605-r3,2026-06-05T03:06:48+07:00,2026-06-05T03:06:48+07:00,product_research,viral_scout_web,capture,captured,medium,shopee_product_page,shopee-phone-waterproof-pouch-budget-20260605,cluster-phone-waterproof-pouch-20260604,,repeat 99-baht phone-pouch recheck,refresh_cluster_and_marketing,,0,,no,current live listing keeps commuter phone protection active
task-scout-shopee-backpack-rain-cover-20260605,2026-06-05T03:06:48+07:00,2026-06-05T03:06:48+07:00,product_research,viral_scout_web,capture,captured,medium,shopee_product_page,shopee-backpack-rain-cover-category-20260605,cluster-rain-commute-bag-cover-20260604,,today Shopee backpack rain-cover category floor,refresh_cluster_and_marketing,,0,,no,today search snippet showed a live commuter rain-cover price floor
task-scout-tmd-heavy-rain-20260605-r4,2026-06-05T11:03:22+07:00,2026-06-05T11:03:22+07:00,news_desk,viral_scout_web,capture,captured,medium,tmd_weather,tmd-heavy-rain-commute-20260605,cluster-rain-commute-bag-cover-20260604,,fresh TMD Bangkok thunderstorm recheck,refresh_cluster_and_marketing,,0,,no,current daily forecast keeps commute rain angle active
task-scout-shopee-backpack-rain-cover-20260605-r2,2026-06-05T11:03:22+07:00,2026-06-05T11:03:22+07:00,product_research,viral_scout_web,capture,captured,medium,shopee_product_page,shopee-backpack-rain-cover-category-20260605,cluster-rain-commute-bag-cover-20260604,,fresh backpack rain-cover search recheck,refresh_cluster_and_marketing,,0,,no,current live search snippet keeps commuter rain-cover angle active
task-scout-shopee-phone-waterproof-pouch-20260605-r4,2026-06-05T11:03:22+07:00,2026-06-05T11:03:22+07:00,product_research,viral_scout_web,capture,captured,medium,shopee_product_page,shopee-phone-waterproof-pouch-budget-20260605,cluster-phone-waterproof-pouch-20260604,,fresh 99-baht phone-pouch recheck,refresh_cluster_and_marketing,,0,,no,current live listing keeps commuter phone protection active
task-research-shoe-cover-20260605,2026-06-05T13:02:22+07:00,2026-06-05T14:53:01+07:00,product_research,research_validation_sweep,research_validation,completed,high,mc-rain-shoe-cover-20260605,nation-heavy-rain-overflow-shoe-cover-20260605,cluster-shoe-cover-rain-commute-20260605,rain-shoe-cover-20260605,ตรวจ shoe cover ราคา/sku/claim กันรองเท้าเปียก,normalize_candidate_row,,0,,no,Validated active Shopee listing with a ฿19 floor; SKU count was not public and claims remain utility-only
task-scout-tmd-heavy-rain-20260605-r5,2026-06-05T15:02:43+07:00,2026-06-05T15:02:43+07:00,news_desk,viral_scout_web,capture,captured,medium,tmd_weather,tmd-heavy-rain-commute-20260605,cluster-rain-commute-bag-cover-20260604,,repeat TMD daily forecast recheck,refresh_cluster_and_marketing,,0,,no,05 Jun 12:00 bulletin still shows Bangkok and vicinity thunderstorm risk
task-scout-shoe-cover-20260605-r2,2026-06-05T15:02:43+07:00,2026-06-05T15:02:43+07:00,product_research,viral_scout_web,capture,captured,medium,shopee_product_page,shopee-shoe-cover-budget-20260605,cluster-shoe-cover-rain-commute-20260605,,repeat Shopee shoe-cover search recheck,refresh_cluster_and_marketing,,0,,no,05 Jun search still shows ฿19-฿21 shoe-cover floor and reusable packable format
task-research-mc-gt-th-เม็กซิโก-พบ-เซอร์เบีย-f215860c,2026-06-05T18:03:09+07:00,2026-06-05T18:03:09+07:00,product_research,research_validation_sweep,research_validation,queued,high,mc-gt-th-เม็กซิโก-พบ-เซอร์เบีย-f215860c,gt-th-เม็กซิโก-พบ-เซอร์เบีย-f215860c,cluster-gt-th-เม็กซิโก-พบ-เซอร์เบีย-f215860c,,Research validate fan_gear from Google Trends topic เม็กซิโก พบ เซอร์เบีย,validate_shopee_product_evidence,,0,,no,ต้องเลี่ยง IP/logo/team kit ปลอม
task-research-mc-gt-th-สภาพอากาศวันนี้-24bb778a,2026-06-05T18:03:09+07:00,2026-06-05T18:03:09+07:00,product_research,research_validation_sweep,research_validation,queued,high,mc-gt-th-สภาพอากาศวันนี้-24bb778a,gt-th-สภาพอากาศวันนี้-24bb778a,cluster-gt-th-สภาพอากาศวันนี้-24bb778a,,Research validate rain_gear from Google Trends topic สภาพอากาศวันนี้,validate_shopee_product_evidence,,0,,no,ห้ามรับประกันกันน้ำสมบูรณ์หรือใช้ภาพน้ำท่วมรุนแรง
task-research-mc-gt-th-lpga-3752fbe7,2026-06-05T18:03:09+07:00,2026-06-05T18:03:09+07:00,product_research,research_validation_sweep,research_validation,queued,high,mc-gt-th-lpga-3752fbe7,gt-th-lpga-3752fbe7,cluster-gt-th-lpga-3752fbe7,,Research validate fan_gear from Google Trends topic lpga,validate_shopee_product_evidence,,0,,no,ต้องเลี่ยง IP/logo/team kit ปลอม
task-research-mc-gt-us-england-vs-new-zealand-b972350b,2026-06-05T18:03:09+07:00,2026-06-05T18:03:09+07:00,product_research,research_validation_sweep,research_validation,queued,high,mc-gt-us-england-vs-new-zealand-b972350b,gt-us-england-vs-new-zealand-b972350b,cluster-gt-us-england-vs-new-zealand-b972350b,,Research validate fan_gear from Google Trends topic england vs new zealand,validate_shopee_product_evidence,,0,,no,ต้องเลี่ยง IP/logo/team kit ปลอม
task-source-access-youtube_data_api,2026-06-05T18:09:45+07:00,2026-06-05T18:10:10+07:00,social_radar,source_access_manager,source_access,blocked,medium,youtube_data_api,,,,YouTube social-video scan ยังไม่มี YOUTUBE_API_KEY/GOOGLE_API_KEY,add_official_youtube_data_api_key_or_disable_source,,0,,yes,official/API/manual route only; do not scrape around platform controls
task-source-access-reddit_api,2026-06-05T18:09:45+07:00,2026-06-05T18:10:10+07:00,social_radar,source_access_manager,source_access,blocked,medium,reddit_api,,,,Reddit social-discussion scan ยังไม่มี REDDIT_CLIENT_ID/REDDIT_CLIENT_SECRET,add_official_reddit_api_credentials_or_keep_manual_review,,0,,yes,official/API/manual route only; do not scrape around platform controls
task-source-access-tiktok_research_api,2026-06-05T18:09:45+07:00,2026-06-05T18:10:10+07:00,social_radar,source_access_manager,source_access,blocked,medium,tiktok_research_api,,,,TikTok scan ต้องใช้ Research API approval/token หรือ manual export,request_tiktok_research_api_access_or_add_manual_social_import_csv,,0,,yes,official/API/manual route only; do not scrape around platform controls
task-source-access-google-trends-20260605,2026-06-05T20:07:07+07:00,2026-06-05T20:07:07+07:00,social_radar,scanner_runtime,source_access_issue,blocked,high,google_trends_rss_th,,,,Google Trends scanner failed on DNS/network resolution,rerun_scanner_when_dns_or_manual_import_available,,0,python3 scripts/social_media_scanner.py --geo TH --geo US --limit 25 --write-marketing --report failed before ingesting Google Trends,yes,record missing access instead of inventing trend data
task-source-access-google-trends-20260605-r2,2026-06-05T20:36:10+07:00,2026-06-05T20:36:10+07:00,social_radar,scanner_runtime,source_access_issue,blocked,high,google_trends_rss_th,,,,Google Trends scanner failed again on DNS/network resolution,rerun_scanner_when_dns_or_manual_import_available,,0,same Google Trends DNS/network failure recurred on the current run,yes,repeat blocker; keep using public/allowed sources and do not invent trend data
task-source-access-google-trends-20260605-r3,2026-06-05T21:05:49+07:00,2026-06-05T21:05:49+07:00,social_radar,scanner_runtime,source_access_issue,blocked,high,google_trends_rss_th,,,,Google Trends scanner failed again on DNS/network resolution,rerun_scanner_when_dns_or_manual_import_available,,0,python3 scripts/social_media_scanner.py --geo TH --geo US --limit 25 --write-marketing --report failed on DNS/network resolution before ingesting Google Trends,yes,repeat blocker; keep using public/allowed sources and do not invent trend data
task-source-access-google-trends-20260605-r4,2026-06-05T21:35:38+07:00,2026-06-05T21:35:38+07:00,social_radar,scanner_runtime,source_access_issue,blocked,high,google_trends_rss_th,,,,Google Trends scanner failed again on DNS resolution during the current run,rerun_scanner_when_dns_or_manual_import_available,,0,python3 scripts/social_media_scanner.py --geo TH --geo US --limit 25 --write-marketing --report failed on DNS/network resolution before ingesting Google Trends,yes,repeat blocker; keep using public/allowed sources and do not invent trend data
