signal_id,captured_at,platform,source_type,source_url,topic,summary_th,people_involved_type,harm_level,verification_status,virality_evidence,engagement_snapshot,trend_age_hours,demand_window,audience_need,candidate_product_category,candidate_query,ethics_color,policy_risk,claim_risk,human_review_required,product_mapping_status,notes_th
example-celebrity-late-night-tired-eyes,2026-06-04T00:00:00+07:00,tiktok/social,example,,tired eyes after late-night event,ตัวอย่างเท่านั้น: กระแสคนคุยเรื่องใต้ตา/พักผ่อนน้อยหลังอีเวนต์ดึก ให้แปลงเป็น need ทั่วไป ไม่ใช้ชื่อหรือภาพดารา,public_figure,low,example_not_live,comment theme only,,,24-72h,ดูสดขึ้นหลังนอนน้อย/เตรียมตัวตอนเช้า,beauty_routine,cooling eye mask OR gentle eye cream OR concealer,amber,celebrity/endorsement risk,cosmetic/health claim risk,yes,example_only,ห้ามอ้างว่าลดขอบตาดำแน่นอน ห้ามทำเหมือนดารา endorse
example-domestic-violence-injury,2026-06-04T00:00:00+07:00,news/social,example,,domestic violence injury,ตัวอย่างเท่านั้น: ข่าวความรุนแรง/บาดเจ็บเป็น red signal ห้าม map เป็นสินค้าเชิงขายจากบาดแผลของคนจริง,private_person_or_victim,high,example_not_live,viral discussion only,,,none,brand safety / human dignity,no direct product mapping,,red,violence/victim exploitation risk,medical treatment claim risk,yes,red_no_product_mapping,ถ้าจะทำภายหลังให้ทำเป็น broad safety/first-aid awareness โดย human approval และไม่ใช้ข่าวเป็น hook
ad-hoc-rain-commute-bag-cover-20260604,2026-06-04T14:30:00+07:00,prd/tmd,official_weather,https://www.prd.go.th/th/content/category/detail/id/6/cid/39/iid/502898,rainy season commute bag protection,กรมอุตุฯผ่าน PRD ระบุไทยเข้าสู่ฤดูฝนและช่วงกลาง พ.ค. ถึงกลาง มิ.ย. ฝนเพิ่มและตกต่อเนื่อง เหมาะกับสินค้า commute กันเปียก,none,low,primary_confirmed,official rainy season signal,,0,30-90d,คนเดินทางต้องกันเปียกให้กระเป๋าและของสำคัญ,backpack_rain_cover,site:shopee.co.th rain cover กระเป๋าเป้กันฝน,green,low,low,no,need_identified,ห้ามทำภาพน้ำท่วมภัยพิบัติหรือรับประกันกันน้ำทุกสถานการณ์
ad-hoc-rain-travel-dry-bag-20260604,2026-06-04T14:30:00+07:00,nation/ddpm,news_weather,https://www.nationthailand.com/news/general/40066997,andaman rainy travel dry storage,ข่าวเตือนภาคใต้ฝั่งอันดามันช่วง 3-8 มิ.ย. เรื่องฝนหนักและคลื่นลมแรง ใช้เป็นสัญญาณท่องเที่ยวหน้าฝนแบบไม่ fearmonger,none,medium,source_seen,news weather hazard signal,,24,3-7d,นักท่องเที่ยวและคนทำงานภาคใต้ต้องเก็บของแห้งเวลาเจอฝน,dry_bag_waterproof_packing,site:shopee.co.th dry bag waterproof กระเป๋ากันน้ำ ท่องเที่ยว,amber,medium,low,yes,needs_verification,ใช้มุมเตรียมของเที่ยวหน้าฝน ห้ามขายบนภาพภัยพิบัติหรือน้ำป่า
ad-hoc-rainy-season-mosquito-home-20260604,2026-06-04T14:30:00+07:00,nation/ddc,health_news,https://www.nationthailand.com/health-wellness/40066863,rainy season mosquito home prevention,DDC เตือนโรคและภัยสุขภาพหน้าฝนรวมถึงโรคจากยุงลาย ให้กำจัดน้ำขังและดูแลสุขอนามัย เหมาะกับสินค้า home prevention แบบไม่เคลมรักษา,none,medium,source_seen,DDC rainy season health warning,,96,30-90d,ครอบครัวต้องลดจุดที่ยุงเข้าบ้านและจัดการบ้านช่วงฝน,mosquito_screen_repair_home,site:shopee.co.th มุ้งลวดซ่อม เทปมุ้งลวด กันยุง,amber,medium,medium,yes,needs_verification,ห้ามอ้างป้องกันไข้เลือดออกหรือโรคแน่นอน ใช้แค่ช่วยลดช่องยุงเข้าบ้าน
ad-hoc-pride-outdoor-event-kit-20260604,2026-06-04T14:30:00+07:00,thailand-go/nation,event_news,https://thailand.go.th/issue-focus-detail/bangkok-pride-festival-2026--patch-the-world-with-peace--people--pride,bangkok pride outdoor event comfort,Thailand.go.th ระบุ Bangkok Pride Festival 2026 ช่วง 28 พ.ค. ถึง 1 มิ.ย. และหลายพื้นที่ยังมีกิจกรรม Pride Month ต่อเนื่องในเดือนมิถุนายน,community_event,low,primary_confirmed,official event signal,,72,7-30d,คนไปงานกลางแจ้งต้องพกของเบา ถ่ายคอนเทนต์ และรับมืออากาศร้อนฝน,portable_fan_clear_sling,site:shopee.co.th พัดลมพกพา กระเป๋าใส clear bag event,amber,medium,low,yes,need_identified,ทำเป็น festival comfort ไม่ใช้ identity เป็น gimmick และไม่ใช้ภาพบุคคลจริงโดยไม่ได้สิทธิ์ 2026-06-05 repeat PRD Pride coverage still supports the June event-comfort angle
ad-hoc-back-to-school-rain-kit-20260604,2026-06-04T14:30:00+07:00,thaipbs/news,news_retail,https://www.thaipbs.or.th/news/content/505311,back to school rainy commute,Thai PBS รายงานแคมเปญ Back To School 2026 ช่วงเปิดเทอม บวกฤดูฝนทำให้สินค้าเด็กนักเรียนกันเปียกมี timing ชัด,none,low,source_seen,back to school retail timing,,720,14-30d,ผู้ปกครองต้องเตรียมของเปิดเทอมที่กันเปียกและติดชื่อได้,waterproof_name_label_school_bag_cover,site:shopee.co.th สติกเกอร์ชื่อกันน้ำ ป้ายชื่อนักเรียน rain cover กระเป๋านักเรียน,green,low,low,no,need_identified,ห้ามอ้างลดราคาจริงจนกว่า Research ตรวจราคาและร้าน 2026-06-05 repeat weather timing still reinforces school commute rain kit
news-heavy-rain-commute-20260601,2026-06-04T15:42:14+07:00,thaiger,news_weather,https://thethaiger.com/news/national/thailand-weather-forecast-june-1-heavy-rain-nationwide,heavy rain nationwide and commute protection,Thaiger รายงานการเตือนฝนหนักทั่วไทยจาก TMD และความเสี่ยงน้ำท่วมฉับพลัน ทำให้มุมกันเปียกของคนเดินทางกลับมาชัดอีกครั้ง,none,low,source_seen,weather headline repeated across Thai news,headline coverage,72,3-7d,คนเดินทางต้องกันเปียกของสำคัญก่อนออกจากบ้าน,backpack_rain_cover,site:shopee.co.th rain cover กระเป๋าเป้กันฝน,green,low,low,no,need_identified,ใช้มุม commute protection ไม่ใช้ภาพภัยพิบัติ
dit-back-to-school-cost-control-20260511,2026-06-04T15:42:14+07:00,dit,news_retail,https://www.dit.go.th/th/news/activity-pictures/2569/dit-%E0%B8%A5%E0%B8%87%E0%B8%9E-%E0%B8%99%E0%B8%97-%E0%B8%95%E0%B8%A3%E0%B8%A7%E0%B8%88%E0%B8%A3-%E0%B8%B2%E0%B8%99%E0%B8%8A-%E0%B8%94%E0%B8%99-%E0%B8%81%E0%B9%80%E0%B8%A3-%E0%B8%A2%E0%B8%99-%E0%B8%81-%E0%B8%AD%E0%B8%99%E0%B9%80%E0%B8%9B-%E0%B8%94%E0%B9%80%E0%B8%97%E0%B8%AD%E0%B8%A1-%E0%B8%A2-%E0%B8%B3%E0%B8%95%E0%B8%A3-%E0%B8%87%E0%B8%A3%E0%B8%B2%E0%B8%84%E0%B8%B2-%E0%B8%9B-%E0%B8%94%E0%B8%9B-%E0%B8%B2%E0%B8%A2%E0%B8%8A-%E0%B8%94-%E0%B8%8A%E0%B8%A7%E0%B8%99%E0%B8%9C-%E0%B8%9B%E0%B8%81%E0%B8%84%E0%B8%A3%E0%B8%AD%E0%B8%87%E0%B9%83%E0%B8%8A-%E0%B9%82%E0%B8%9B%E0%B8%A3-back-to-school-2026/,back to school cost control and reused uniforms,DIT ลงพื้นที่ตรวจร้านชุดนักเรียนก่อนเปิดเทอม ย้ำปิดป้ายราคาและชวนใช้โปร Back To School 2026 ทำให้จังหวะเปิดเทอมยังเป็นหน้าซื้อของจำเป็น,none,low,primary_confirmed,public inspection plus campaign coverage,official article,552,14-30d,ผู้ปกครองต้องคุมงบเปิดเทอมและซื้อของจำเป็นให้คุ้มที่สุด,waterproof_name_label_school_bag_cover,site:shopee.co.th สติกเกอร์ชื่อกันน้ำ ป้ายชื่อนักเรียน rain cover กระเป๋านักเรียน,green,low,low,no,query_ready,ช่วยขยายมุมเปิดเทอมที่คุมงบและใช้ของเดิมได้
prd-pride-month-festivals-20260602,2026-06-04T15:42:14+07:00,prd,event_news,https://thailand.prd.go.th/en/content/category/detail/id/2078/iid/508710,pride month festivals across thailand,PRD รวบรวมเทศกาล Pride หลายจังหวัดตลอดเดือนมิถุนายน ทั้งกรุงเทพ ภูเก็ต เชียงใหม่ พัทยา และภาคอื่น ๆ ทำให้เดือนนี้มีจังหวะ event comfort ชัด,none,low,primary_confirmed,official festival calendar spans multiple provinces,official calendar,48,7-30d,คนไปงานกลางแจ้งต้องพกของเบา ถ่ายคอนเทนต์ง่าย และรับมืออากาศร้อนฝน,portable_fan_clear_sling,site:shopee.co.th พัดลมพกพา กระเป๋าใส clear bag event,amber,medium,low,yes,needs_verification,ต้องเคารพ identity และไม่ใช้ likeness หรือ implied endorsement
tmd-heavy-rain-commute-20260604,2026-06-04T16:12:41+07:00,tmd,official_weather,https://tmd.go.th/weather/weatherthailand,heavy rain commute protection,กรมอุตุนิยมวิทยาประกาศวันนี้ว่ากรุงเทพฯ และปริมณฑลมีฝนฟ้าคะนองร้อยละ 60 ของพื้นที่และมีฝนตกหนักบางแห่ง ขณะที่ประเทศตอนบนมีฝนเพิ่มขึ้น,none,low,primary_confirmed,official forecast with Bangkok thunderstorm risk,,0,24-72h,กันเปียกตอนเดินทาง/พกร่มหรือ rain cover ก่อนออกจากบ้าน,backpack_rain_cover,site:shopee.co.th rain cover กระเป๋าเป้กันฝน,green,low,low,no,need_identified,ใช้เป็น repeat weather reinforcement ไม่ใช้ภาพน้ำท่วม
shopee-rain-cover-impulse-20260604,2026-06-04T16:12:41+07:00,shopee,ecommerce,https://shopee.co.th/%E0%B8%96%E0%B8%B8%E0%B8%87%E0%B8%84%E0%B8%A5%E0%B8%B8%E0%B8%A1%E0%B8%81%E0%B8%A3%E0%B8%B0%E0%B9%80%E0%B8%9B%E0%B9%8B%E0%B8%B2%E0%B9%80%E0%B8%9B%E0%B9%89-%E0%B8%81%E0%B8%A3%E0%B8%B0%E0%B9%80%E0%B8%9B%E0%B9%8B%E0%B8%B2%E0%B8%99%E0%B8%B1%E0%B8%81%E0%B9%80%E0%B8%A3%E0%B8%B5%E0%B8%A2%E0%B8%99-%E0%B8%81%E0%B8%B1%E0%B8%99%E0%B8%9D%E0%B8%99-%E0%B8%96%E0%B8%B8%E0%B8%87%E0%B8%84%E0%B8%A5%E0%B8%B8%E0%B8%A1%E0%B9%80%E0%B8%9B%E0%B9%89-%E0%B9%80%E0%B8%94%E0%B8%B4%E0%B8%99%E0%B8%9B%E0%B9%88%E0%B8%B2-%E0%B9%81%E0%B8%9A%E0%B8%9A%E0%B8%AB%E0%B8%99%E0%B8%B2-Rain-cover-Rainproof-Backpack-Cover-i.967451259.21389136477,market price signal for rain cover backpack,Shopee search result shows rain cover for backpacks and school bags priced at 29 baht,none,low,primary_confirmed,public listing with impulse price and school/commute use,,0,3-30d,กันเปียกของสำคัญในราคาต่ำสำหรับคนเดินทางและผู้ปกครอง,backpack_rain_cover,site:shopee.co.th ถุงคลุมกระเป๋า กันฝน,green,low,low,no,need_identified,product signal only; keep claim language to 'ช่วยลดโอกาสเปียก'
thaipbs-pride-bangkok-20260604,2026-06-04T16:12:41+07:00,thaipbs,news_event,https://www.thaipbs.or.th/PrideMonth2026,pride month event comfort,"Thai PBS continues to feature Bangkok Pride 2026 and Pride Month 2026 in today’s Pride hub, keeping June event-comfort demand visible",community_event,low,source_seen,Thai PBS PrideMonth hub and Bangkok Pride 2026 coverage are active today,,0,7-30d,คนไปงานกลางแจ้งต้องพกของเบา ถ่ายคอนเทนต์ง่าย และรับมืออากาศร้อนฝน,portable_fan_clear_sling,site:shopee.co.th พัดลมพกพา กระเป๋าใส clear bag event,amber,medium,low,yes,needs_human_review,respectful event-comfort angle only; no identity gimmick or likeness
theactive-heavy-rain-20260603,2026-06-04T16:41:24+07:00,theactive,news_weather,https://theactive.thaipbs.or.th/news/climate-change-20260603,heavy rain 4-6 June and flood risk,The Active รายงานเตือน 4-6 มิ.ย. รับมือฝนตกหนัก เสี่ยงท่วมฉับพลันและน้ำป่าหลาก จับตาฝนทะลุ 100 มม. ใช้เป็นสัญญาณเสริมมุมกันเปียกของคนเดินทาง,none,low,source_seen,headline coverage on public weather warning,,24,24-72h,กันเปียกตอนเดินทางก่อนออกจากบ้าน,backpack_rain_cover,site:shopee.co.th rain cover กระเป๋าเป้กันฝน,green,low,low,no,need_identified,repeat weather reinforcement; do not use flood imagery
shopee-rain-cover-budget-20260604,2026-06-04T16:41:24+07:00,shopee,ecommerce,https://shopee.co.th/%E0%B8%96%E0%B8%B8%E0%B8%87%E0%B8%84%E0%B8%A5%E0%B8%B8%E0%B8%A1%E0%B8%81%E0%B8%A3%E0%B8%B0%E0%B9%80%E0%B8%9B%E0%B9%8B%E0%B8%B2%E0%B9%80%E0%B8%9B%E0%B9%89-%E0%B8%81%E0%B8%A3%E0%B8%B0%E0%B9%80%E0%B8%9B%E0%B9%8B%E0%B8%B2%E0%B8%99%E0%B8%B1%E0%B8%81%E0%B9%80%E0%B8%A3%E0%B8%B5%E0%B8%A2%E0%B8%99-%E0%B8%81%E0%B8%B1%E0%B8%99%E0%B8%9D%E0%B8%99-%E0%B8%96%E0%B8%B8%E0%B8%87%E0%B8%84%E0%B8%A5%E0%B8%B8%E0%B8%A1%E0%B9%80%E0%B8%9B%E0%B9%89-%E0%B9%80%E0%B8%94%E0%B8%B4%E0%B8%99%E0%B8%9B%E0%B9%88%E0%B8%B2-Rain-cover-Rainproof-Backpack-Cover-i.967451259.21079985301,budget rain cover for backpack and school bag,"Shopee search result shows another rain cover listing for backpacks and school bags priced at 12 baht, reinforcing the impulse-buy floor for commute/school use",none,low,primary_confirmed,public listing with impulse price and school/commute use,search result snippet,0,3-30d,กันเปียกของสำคัญในราคาต่ำสำหรับคนเดินทางและผู้ปกครอง,backpack_rain_cover,site:shopee.co.th ถุงคลุมกระเป๋า กันฝน,green,low,low,no,need_identified,product signal only; keep claim language to 'ช่วยลดโอกาสเปียก'
tmd-southwest-coast-heavy-rain-20260604,2026-06-04T17:40:09+07:00,tmd,official_weather,https://www.tmd.go.th/en/warning-and-events/warning-storm/heavy-to-very-heavy-rains-in-thailand-strong-wind-waves-in-the-andaman-sea-no-11-89-2026,south-west coast heavy rain travel prep,TMD เตือนฝนต่อเนื่องและฝนตกหนักถึงหนักมากบางแห่งในภาคใต้ฝั่งตะวันตก ทำให้มุมแพ็กของแห้งสำหรับทริปหน้าฝนยังสด,none,low,primary_confirmed,official warning remains live today,,72,3-7d,เก็บของสำคัญให้แห้งเวลาเดินทางหน้าฝน,dry_bag_waterproof_packing,site:shopee.co.th dry bag waterproof กระเป๋ากันน้ำ ท่องเที่ยว,amber,medium,low,yes,needs_human_review,ใช้มุม travel prep เท่านั้น ห้าม fearmonger หรือใช้ภาพภัยพิบัติ
shopee-phone-waterproof-pouch-20260604,2026-06-04T19:41:32+07:00,shopee,ecommerce,https://shopee.co.th/list/%E0%B8%81%E0%B8%A3%E0%B8%B0%E0%B9%80%E0%B8%9B%E0%B9%8B%E0%B8%B2%E0%B9%82%E0%B8%97%E0%B8%A3%E0%B8%A8%E0%B8%B1%E0%B8%9E%E0%B8%97%E0%B9%8C/%E0%B8%81%E0%B8%B1%E0%B8%99%E0%B8%99%E0%B9%89%E0%B8%B3,phone waterproof pouch for rainy commute,"Shopee search results still show waterproof phone pouch options around ฿11-13 with touch-screen and rain-use positioning, keeping commuter phone protection relevant",none,low,primary_confirmed,live Shopee search snippets with low-price floor,search result snippet,0,24-72h,กันมือถือให้ยังใช้ได้ระหว่างฝนและการเดินทาง,phone_waterproof_pouch,site:shopee.co.th ซองใส่โทรศัพท์กันน้ำ,green,low,low,no,need_identified,ใช้คำว่าช่วยปกป้อง/ช่วยกันละอองฝน ไม่เคลมกันน้ำ 100% หรือดำน้ำลึก
shopee-phone-waterproof-pouch-category-20260604,2026-06-04T20:41:28+07:00,shopee,ecommerce,https://shopee.co.th/%E0%B8%81%E0%B8%A3%E0%B8%B0%E0%B9%80%E0%B8%9B%E0%B9%8B%E0%B8%B2%E0%B9%83%E0%B8%AA%E0%B9%88%E0%B9%82%E0%B8%97%E0%B8%A3%E0%B8%A8%E0%B8%B1%E0%B8%9E%E0%B8%97%E0%B9%8C/%E0%B8%81%E0%B8%B1%E0%B8%99%E0%B8%99%E0%B9%89%E0%B8%B3,phone waterproof pouch category page with low-price floor,"Shopee category/list page still shows waterproof phone pouch options around ฿1-97 and a sold-20k item, reinforcing commuter phone protection as an impulse-buy need",none,low,primary_confirmed,live category page and low-price floor,search result snippet,0,24-72h,กันมือถือให้ยังใช้ได้ระหว่างฝนและการเดินทาง,phone_waterproof_pouch,site:shopee.co.th ซองใส่โทรศัพท์กันน้ำ,green,low,low,no,need_identified,ใช้คำว่าช่วยปกป้อง/ช่วยกันละอองฝน ไม่เคลมกันน้ำ 100% หรือดำน้ำลึก
shopee-rain-cover-brand-20260604,2026-06-04T21:03:10+07:00,shopee,ecommerce,https://shopee.co.th/K%C3%A5nken-Rain-Cover-%E0%B8%9C%E0%B9%89%E0%B8%B2%E0%B8%84%E0%B8%A5%E0%B8%B8%E0%B8%A1%E0%B8%81%E0%B8%A3%E0%B8%B0%E0%B9%80%E0%B8%9B%E0%B9%8B%E0%B8%B2-%E0%B8%96%E0%B8%B8%E0%B8%87%E0%B8%84%E0%B8%A5%E0%B8%B8%E0%B8%A1%E0%B8%81%E0%B8%A3%E0%B8%B0%E0%B9%80%E0%B8%9B%E0%B9%8B%E0%B8%B2-%E0%B8%81%E0%B8%B1%E0%B8%99%E0%B8%9D%E0%B8%99-%E0%B8%81%E0%B8%B1%E0%B8%99%E0%B8%99%E0%B9%89%E0%B8%B3-i.135031598.23031849788,backpack rain cover with branded listing still live today,"Shopee search result today shows a branded rain-cover listing plus other backpack rain-cover options, reinforcing the commuter rain-protection need on the same public marketplace",none,low,primary_confirmed,today-crawled Shopee result and active listing,search result snippet,0,24-72h,กันเปียกของสำคัญก่อนเดินทาง,backpack_rain_cover,site:shopee.co.th ถุงคลุมกระเป๋า กันฝน,green,low,low,no,need_identified,brand-specific listing but same generic commuter rain-cover need
shopee-rhodey-rain-cover-20260604,2026-06-04T23:05:13+07:00,shopee,ecommerce,https://shopee.co.th/Rhodey-Rain-Cover-Waterproof-Backpack-30-40L-%E0%B8%AA%E0%B8%B5%E0%B8%94%E0%B9%8D%E0%B8%B2-OMBG37BK-i.1749295914.51906187149,branded rain cover for 30-40L backpacks,"Shopee search results show a Rhodey rain-cover listing for 30-40L backpacks at an impulse-friendly price, reinforcing the commuter backpack-protection need",none,low,primary_confirmed,public listing plus commuter use,search result snippet,0,24-72h,กันเปียกของสำคัญก่อนเดินทาง,backpack_rain_cover,site:shopee.co.th rain cover กระเป๋าเป้กันฝน,green,low,low,no,need_identified,brand-specific listing but same generic commuter rain-cover need
shopee-waterproof-phone-pouch-generic-20260604,2026-06-04T23:05:13+07:00,shopee,ecommerce,https://shopee.co.th/%E0%B8%8B%E0%B8%AD%E0%B8%87%E0%B8%81%E0%B8%B1%E0%B8%99%E0%B9%89%E0%B8%B3%E0%B8%AA%E0%B8%B3%E0%B8%AB%E0%B8%A3%E0%B8%B1%E0%B8%9A%E0%B9%82%E0%B8%97%E0%B8%A3%E0%B8%A8%E0%B8%B1%E0%B8%9E%E0%B8%97%E0%B9%8C%E0%B8%A1%E0%B8%B7%E0%B8%AD%E0%B8%96%E0%B8%B7%E0%B8%AD-%28Waterproof-Phone-Pouch%29-i.7209540.48807514493,generic waterproof phone pouch listing crawled today,"Shopee search result crawled today shows a generic waterproof phone pouch listing, keeping commuter phone protection live and price-sensitive",none,low,primary_confirmed,today-crawled public listing,search result snippet,0,24-72h,กันมือถือให้ยังใช้ได้ระหว่างฝนและการเดินทาง,phone_waterproof_pouch,site:shopee.co.th ซองใส่โทรศัพท์กันน้ำ,green,low,low,no,need_identified,ใช้คำว่าช่วยปกป้อง/ช่วยกันละอองฝน ไม่เคลมกันน้ำ 100% หรือดำน้ำลึก
shopee-phone-waterproof-pouch-budget-20260605,2026-06-05T00:03:13+07:00,shopee,ecommerce,https://shopee.co.th/-%E0%B8%A5%E0%B8%94%E0%B9%80%E0%B8%AB%E0%B8%A5%E0%B8%B7%E0%B8%AD-99-Waterproof-Phone-Pouch-%E0%B8%8B%E0%B8%AD%E0%B8%87%E0%B8%81%E0%B8%B1%E0%B8%99%E0%B8%99%E0%B9%89%E0%B8%B3-%E0%B8%8B%E0%B8%AD%E0%B8%87%E0%B9%83%E0%B8%AA%E0%B9%88%E0%B8%A1%E0%B8%B7%E0%B8%AD%E0%B8%96%E0%B8%B7%E0%B8%AD-%E0%B8%8B%E0%B8%AD%E0%B8%87%E0%B9%82%E0%B8%97%E0%B8%A3%E0%B8%A8%E0%B8%B1%E0%B8%9E%E0%B9%8C-%E0%B8%A5%E0%B9%87%E0%B8%AD%E0%B8%81-3-%E0%B8%8A%E0%B8%B1%E0%B9%89%E0%B8%99-%E0%B8%96%E0%B9%88%E0%B8%B2%E0%B8%A2%E0%B8%A3%E0%B8%B9%E0%B8%9B%E0%B9%84%E0%B8%94%E0%B9%89-%E0%B8%AA%E0%B9%81%E0%B8%81%E0%B8%99%E0%B9%83%E0%B8%9A%E0%B8%AB%E0%B8%99%E0%B9%89%E0%B8%B2%E0%B9%84%E0%B8%94%E0%B9%89-i.1003025970.25543882447,waterproof phone pouch listing with visible 99 baht floor,"Shopee search result today shows a waterproof phone pouch with a visible 99 baht floor and phone-facing features like touch and face-scan use, strengthening commuter phone protection as a low-friction impulse buy",none,low,primary_confirmed,public listing with low-price floor and feature positioning,search result snippet,0,24-72h,กันมือถือให้ยังใช้ได้ระหว่างฝนและการเดินทาง,phone_waterproof_pouch,site:shopee.co.th ซองใส่โทรศัพท์กันน้ำ,green,low,low,no,need_identified,ใช้คำว่าช่วยปกป้อง/ช่วยกันละอองฝน ไม่เคลมกันน้ำ 100% หรือดำน้ำลึก
tmd-heavy-rain-commute-20260605,2026-06-05T03:05:58+07:00,tmd,official_weather,https://www.tmd.go.th/weather/weatherthailand,heavy rain commute protection,กรมอุตุนิยมวิทยาอัปเดตวันนี้ว่ากรุงเทพฯ และปริมณฑลยังมีฝนฟ้าคะนองร้อยละ 60 ของพื้นที่และมีฝนตกหนักบางแห่ง จังหวะกันเปียกของคนเดินทางยังสด,none,low,primary_confirmed,official forecast updated today,daily forecast bulletin,0,24-72h,กันเปียกตอนเดินทาง/พกร่มหรือ rain cover ก่อนออกจากบ้าน,backpack_rain_cover,site:shopee.co.th rain cover กระเป๋าเป้กันฝน,green,low,low,no,need_identified,ใช้เป็น fresh daily-forecast reinforcement สำหรับ commute protection
shopee-backpack-rain-cover-category-20260605,2026-06-05T03:05:58+07:00,shopee,ecommerce,https://shopee.co.th/list/%E0%B8%81%E0%B8%A3%E0%B8%B0%E0%B9%80%E0%B8%9B%E0%B9%8B%E0%B8%B2%E0%B9%80%E0%B8%9B%E0%B9%89%E0%B8%81%E0%B8%B1%E0%B8%99%E0%B8%99%E0%B9%89%E0%B8%B3/%E0%B8%96%E0%B8%B8%E0%B8%87%E0%B8%84%E0%B8%A5%E0%B8%B8%E0%B8%A1,backpack rain cover category floor,Shopee category crawl วันนี้ยังพบผ้าคลุมกระเป๋าเป้กันน้ำและชุดถุงฝนแบบพกพาราคาประหยัดราว 42 บาท ยืนยันว่ามี demand floor สำหรับ commuter rain protection,none,low,primary_confirmed,crawled today search snippet with active price floor,search result snippet,0,24-72h,กันเปียกของสำคัญก่อนเดินทาง,backpack_rain_cover,site:shopee.co.th rain cover กระเป๋าเป้กันฝน,green,low,low,no,need_identified,search snippet วันนี้ช่วยยืนยัน price floor และขนาด 20-70L สำหรับ commuter use
tmd-heavy-rain-overflow-shoe-cover-20260605,2026-06-05T13:02:22+07:00,nation/news_weather,news_weather,https://www.nationthailand.com/news/general/40067037,heavy rain overflow risk and wet-shoe commute protection,RID warns of heavy accumulated rain from June 4-10 with low-lying and foothill areas at flood risk; the fresh warning keeps rain-soaked commute pain visible for shoe protection,none,low,source_seen,news article published yesterday and crawled today,headline coverage,18,24-72h,กันรองเท้าเปียกและเดินต่อได้เมื่อฝนลงและมีน้ำขัง,shoe_cover,site:shopee.co.th shoe cover ถุงคลุมรองเท้ากันน้ำ,green,low,low,no,need_identified,ใช้มุมเตรียมตัวสำหรับพื้นเปียก/น้ำขังเท่านั้น ไม่ fearmonger เรื่องน้ำท่วม 2026-06-05 repeat official weather confirmation
shopee-shoe-cover-budget-20260605,2026-06-05T13:02:22+07:00,shopee,ecommerce,https://shopee.co.th/Shoe-cover-%E0%B8%96%E0%B8%B8%E0%B8%87%E0%B8%84%E0%B8%A5%E0%B8%B8%E0%B8%A1%E0%B8%A3%E0%B8%AD%E0%B8%87%E0%B9%80%E0%B8%97%E0%B9%89%E0%B8%B2-%E0%B8%81%E0%B8%B1%E0%B8%99%E0%B8%99%E0%B9%89%E0%B8%B3-%E0%B8%81%E0%B8%B1%E0%B8%99%E0%B8%9D%E0%B8%99-%E0%B8%9E%E0%B8%A3%E0%B9%89%E0%B8%AD%E0%B8%A1%E0%B8%81%E0%B8%B1%E0%B8%99%E0%B8%A5%E0%B8%B7%E0%B9%88%E0%B8%99-%E0%B8%A7%E0%B8%B1%E0%B8%AA%E0%B8%94%E0%B8%B8%E0%B8%A2%E0%B8%B2%E0%B8%87%E0%B8%A5%E0%B8%B2%E0%B9%80%E0%B8%97%E0%B9%87%E0%B8%81%E0%B8%8B%E0%B9%8C-%E0%B8%A1%E0%B9%89%E0%B8%A7%E0%B8%99%E0%B9%80%E0%B8%81%E0%B9%87%E0%B8%9A%E0%B8%9E%E0%B8%81%E0%B8%9E%E0%B8%B2%E0%B9%84%E0%B8%94%E0%B9%89-%E0%B9%83%E0%B8%8A%E0%B9%89%E0%B8%8B%E0%B9%89%E0%B8%B3%E0%B9%84%E0%B8%94%E0%B9%89%E0%B8%AB%E0%B8%A5%E0%B8%B2%E0%B8%A2%E0%B8%84%E0%B8%A3%E0%B8%B1%E0%B9%89%E0%B8%87-%E0%B8%AA%E0%B8%A7%E0%B8%A1%E0%B9%83%E0%B8%AA%E0%B9%88%E0%B8%87%E0%B9%88%E0%B8%B2%E0%B8%A2-i.135486771.41868680628,shoe cover listing with low-price floor and reusable packable format,"Shopee listing shows 2 options at ฿19-฿21, active shop status, and a reusable latex-rubber shoe cover that is easy to pack for rainy commute use",none,low,primary_confirmed,live listing with active shop and impulse price floor,search result snippet,0,24-72h,กันรองเท้าเปียกและพกพาได้ง่ายสำหรับวันฝนหนัก,shoe_cover,site:shopee.co.th shoe cover ถุงคลุมรองเท้ากันน้ำ,green,low,low-medium,no,need_identified,ใช้คำว่าช่วยคลุมรองเท้า/ช่วยลดโอกาสรองเท้าเปียก; ไม่เคลมกันลื่น 100% หรือกันน้ำทุกสถานการณ์
gt-th-ฮุน-เซน-a0e70e86,2026-06-05T18:02:25+07:00,google_trends,social_search_trend,https://www.thaipost.net/hi-light/1008957/,ฮุน เซน,google_trends TH พบสัญญาณไวรัล 'ฮุน เซน' traffic/engagement 200+,public_or_sensitive_topic,medium,source_seen,Google Trends RSS geo=TH rank=1 approx_traffic=200+,"{""geo"": ""TH"", ""rank"": 1, ""traffic"": ""200+"", ""sources"": [""Thaipost.net"", ""Thairath.co.th"", ""Thai PBS""], ""engagement"": {}}",0,4-48h,ต้องให้ Marketing/Research ตีความ need ก่อน,no_direct_product_mapping,,amber,medium,medium,yes,needs_verification,social_search_trend from google_trends; repeat sightings update observations and cluster velocity
gt-th-ศาล-621a34f8,2026-06-05T18:02:25+07:00,google_trends,social_search_trend,https://www.thaipbs.or.th/news/content/506716,ศาล,google_trends TH พบสัญญาณไวรัล 'ศาล' traffic/engagement 1000+,public_or_sensitive_topic,medium,source_seen,Google Trends RSS geo=TH rank=2 approx_traffic=1000+,"{""geo"": ""TH"", ""rank"": 2, ""traffic"": ""1000+"", ""sources"": [""Thai PBS"", ""Thairath.co.th"", ""Ch7.com""], ""engagement"": {}}",1,4-48h,ต้องให้ Marketing/Research ตีความ need ก่อน,no_direct_product_mapping,,amber,medium,medium,yes,needs_verification,social_search_trend from google_trends; repeat sightings update observations and cluster velocity
gt-th-ราคาทอง-1-บาท-วันนี้-584ec118,2026-06-05T18:02:25+07:00,google_trends,social_search_trend,https://www.thairath.co.th/news/society/2937521,ราคาทอง 1 บาท วันนี้,google_trends TH พบสัญญาณไวรัล 'ราคาทอง 1 บาท วันนี้' traffic/engagement 5000+,public_or_sensitive_topic,medium,source_seen,Google Trends RSS geo=TH rank=3 approx_traffic=5000+,"{""geo"": ""TH"", ""rank"": 3, ""traffic"": ""5000+"", ""sources"": [""Thairath.co.th"", ""LINE TODAY"", ""Ch7.com""], ""engagement"": {}}",3,4-48h,ต้องให้ Marketing/Research ตีความ need ก่อน,no_direct_product_mapping,,amber,medium,medium,yes,needs_verification,social_search_trend from google_trends; repeat sightings update observations and cluster velocity
gt-th-การเมือง-9c2c1b5f,2026-06-05T18:02:25+07:00,google_trends,social_search_trend,https://www.thaipbs.or.th/news/content/506733,การเมือง,google_trends TH พบสัญญาณไวรัล 'การเมือง' traffic/engagement 5000+,public_or_sensitive_topic,medium,source_seen,Google Trends RSS geo=TH rank=4 approx_traffic=5000+,"{""geo"": ""TH"", ""rank"": 4, ""traffic"": ""5000+"", ""sources"": [""Thai PBS"", ""Thairath.co.th"", ""ผู้จัดการออนไลน์""], ""engagement"": {}}",6,4-48h,ต้องให้ Marketing/Research ตีความ need ก่อน,no_direct_product_mapping,,amber,medium,medium,yes,needs_verification,social_search_trend from google_trends; repeat sightings update observations and cluster velocity
gt-th-scratch-ffdf8c66,2026-06-05T18:02:25+07:00,google_trends,social_search_trend,https://fox59.com/indiana-news/hoosier-lottery-pulls-space-invaders-scratch-off-over-technical-issue/,scratch,google_trends TH พบสัญญาณไวรัล 'scratch' traffic/engagement 1000+,public_or_sensitive_topic,medium,source_seen,Google Trends RSS geo=TH rank=5 approx_traffic=1000+,"{""geo"": ""TH"", ""rank"": 5, ""traffic"": ""1000+"", ""sources"": [""Fox 59"", ""USA Today"", ""WSBT""], ""engagement"": {}}",7,4-48h,ต้องให้ Marketing/Research ตีความ need ก่อน,no_direct_product_mapping,,amber,medium,medium,yes,needs_verification,social_search_trend from google_trends; repeat sightings update observations and cluster velocity
gt-th-เม็กซิโก-พบ-เซอร์เบีย-f215860c,2026-06-05T18:02:25+07:00,google_trends,social_search_trend,https://www.espn.com/soccer/story/_/id/48971934/mexico-earn-dominant-5-1-victory-world-cup-sendoff-match,เม็กซิโก พบ เซอร์เบีย,google_trends TH พบสัญญาณไวรัล 'เม็กซิโก พบ เซอร์เบีย' traffic/engagement 500+,none,low,source_seen,Google Trends RSS geo=TH rank=6 approx_traffic=500+,"{""geo"": ""TH"", ""rank"": 6, ""traffic"": ""500+"", ""sources"": [""ESPN"", ""BBC"", ""Goal.com""], ""engagement"": {}}",9,4-48h,ของดูบอลและเชียร์กีฬาที่ใช้ซ้ำได้,fan_gear,site:shopee.co.th เสื้อกีฬา ผ้าพันคอ เชียร์บอล ของดูบอล,green,low,low,no,need_identified,social_search_trend from google_trends; repeat sightings update observations and cluster velocity
gt-th-บางจาก-คอร์ปอเรชั่น-aa76bca3,2026-06-05T18:02:25+07:00,google_trends,social_search_trend,https://www.newswit.com/th/ies01wrge2o3hfqjw0i7lnrsvag2kjx3,บางจาก คอร์ปอเรชั่น,google_trends TH พบสัญญาณไวรัล 'บางจาก คอร์ปอเรชั่น' traffic/engagement 100+,public_or_sensitive_topic,medium,source_seen,Google Trends RSS geo=TH rank=7 approx_traffic=100+,"{""geo"": ""TH"", ""rank"": 7, ""traffic"": ""100+"", ""sources"": [""newswit"", ""ThaiPR.NET"", ""LINE TODAY""], ""engagement"": {}}",12,4-48h,ต้องให้ Marketing/Research ตีความ need ก่อน,no_direct_product_mapping,,amber,medium,medium,yes,needs_verification,social_search_trend from google_trends; repeat sightings update observations and cluster velocity
gt-th-สภาพอากาศวันนี้-24bb778a,2026-06-05T18:02:25+07:00,google_trends,social_search_trend,https://www.hatyaifocus.com/news-detail/31039/,สภาพอากาศวันนี้,google_trends TH พบสัญญาณไวรัล 'สภาพอากาศวันนี้' traffic/engagement 200+,none,low,source_seen,Google Trends RSS geo=TH rank=8 approx_traffic=200+,"{""geo"": ""TH"", ""rank"": 8, ""traffic"": ""200+"", ""sources"": [""HATYAI FOCUS"", ""LINE TODAY"", ""ผู้จัดการออนไลน์""], ""engagement"": {}}",12,4-48h,เตรียมของกันฝนแบบพกง่ายสำหรับเดินทาง,rain_gear,site:shopee.co.th เสื้อกันฝนพกพา rain cover dry bag,green,low,low,no,need_identified,social_search_trend from google_trends; repeat sightings update observations and cluster velocity
gt-th-lpga-3752fbe7,2026-06-05T18:02:25+07:00,google_trends,social_search_trend,https://sports.yahoo.com/articles/nobody-does-wear-marks-lpga-154752074.html,lpga,google_trends TH พบสัญญาณไวรัล 'lpga' traffic/engagement 200+,none,low,source_seen,Google Trends RSS geo=TH rank=9 approx_traffic=200+,"{""geo"": ""TH"", ""rank"": 9, ""traffic"": ""200+"", ""sources"": [""Yahoo Sports"", ""Siamsport"", ""เดลินิวส์""], ""engagement"": {}}",12,4-48h,ของดูบอลและเชียร์กีฬาที่ใช้ซ้ำได้,fan_gear,site:shopee.co.th เสื้อกีฬา ผ้าพันคอ เชียร์บอล ของดูบอล,green,low,low,no,need_identified,social_search_trend from google_trends; repeat sightings update observations and cluster velocity
gt-th-หวยพัฒนา-85ee42cc,2026-06-05T18:02:25+07:00,google_trends,social_search_trend,https://www.sanook.com/news/9892694/,หวยพัฒนา,google_trends TH พบสัญญาณไวรัล 'หวยพัฒนา' traffic/engagement 1000+,public_or_sensitive_topic,medium,source_seen,Google Trends RSS geo=TH rank=10 approx_traffic=1000+,"{""geo"": ""TH"", ""rank"": 10, ""traffic"": ""1000+"", ""sources"": [""Sanook"", ""LINE TODAY"", ""komchadluek""], ""engagement"": {}}",13,4-48h,ต้องให้ Marketing/Research ตีความ need ก่อน,no_direct_product_mapping,,amber,medium,medium,yes,needs_verification,social_search_trend from google_trends; repeat sightings update observations and cluster velocity
gt-us-melanie-hyer-doral-5dc14684,2026-06-05T18:02:25+07:00,google_trends,social_search_trend,https://www.nbcmiami.com/news/local/doral-isles-murder-suicide-family/3817093/,melanie hyer doral,google_trends US พบสัญญาณไวรัล 'melanie hyer doral' traffic/engagement 200+,private_person_or_victim,high,source_seen,Google Trends RSS geo=US rank=1 approx_traffic=200+,"{""geo"": ""US"", ""rank"": 1, ""traffic"": ""200+"", ""sources"": [""NBC 6 South Florida"", ""People.com"", ""New York Post""], ""engagement"": {}}",0,24-72h,ต้องให้ Marketing/Research ตีความ need ก่อน,no_direct_product_mapping,,red,high,high,yes,red_no_product_mapping,social_search_trend from google_trends; repeat sightings update observations and cluster velocity
gt-us-england-vs-new-zealand-b972350b,2026-06-05T18:02:25+07:00,google_trends,social_search_trend,https://www.bbc.com/sport/cricket/articles/cevpvx108l9o,england vs new zealand,google_trends US พบสัญญาณไวรัล 'england vs new zealand' traffic/engagement 200+,none,low,source_seen,Google Trends RSS geo=US rank=2 approx_traffic=200+,"{""geo"": ""US"", ""rank"": 2, ""traffic"": ""200+"", ""sources"": [""BBC"", ""BBC"", ""Sky Sports""], ""engagement"": {}}",0,24-72h,ของดูบอลและเชียร์กีฬาที่ใช้ซ้ำได้,fan_gear,site:shopee.co.th เสื้อกีฬา ผ้าพันคอ เชียร์บอล ของดูบอล,green,low,low,no,need_identified,social_search_trend from google_trends; repeat sightings update observations and cluster velocity
gt-us-taylah-preston-bdfc6139,2026-06-05T18:02:25+07:00,google_trends,social_search_trend,https://www.sportytrader.com/us/picks/taylah-preston-ashlyn-krueger-353188/,taylah preston,google_trends US พบสัญญาณไวรัล 'taylah preston' traffic/engagement 100+,none,low,source_seen,Google Trends RSS geo=US rank=3 approx_traffic=100+,"{""geo"": ""US"", ""rank"": 3, ""traffic"": ""100+"", ""sources"": [""SportyTrader""], ""engagement"": {}}",0,24-72h,ต้องให้ Marketing/Research ตีความ need ก่อน,no_direct_product_mapping,,green,low,low,yes,needs_verification,social_search_trend from google_trends; repeat sightings update observations and cluster velocity
gt-us-sharon-stone-ex-husband-43e23940,2026-06-05T18:02:25+07:00,google_trends,social_search_trend,https://www.yahoo.com/entertainment/celebrity/articles/sharon-stone-says-marriage-ended-165956982.html,sharon stone ex husband,google_trends US พบสัญญาณไวรัล 'sharon stone ex husband' traffic/engagement 100+,public_or_sensitive_topic,medium,source_seen,Google Trends RSS geo=US rank=4 approx_traffic=100+,"{""geo"": ""US"", ""rank"": 4, ""traffic"": ""100+"", ""sources"": [""Yahoo"", ""BuzzFeed"", ""InStyle""], ""engagement"": {}}",0,24-72h,ต้องให้ Marketing/Research ตีความ need ก่อน,no_direct_product_mapping,,amber,medium,medium,yes,needs_verification,social_search_trend from google_trends; repeat sightings update observations and cluster velocity
gt-us-peco-280bb3fd,2026-06-05T18:02:25+07:00,google_trends,social_search_trend,https://www.wtae.com/article/energy-costs-spike-pennsylvania/71463180,peco,google_trends US พบสัญญาณไวรัล 'peco' traffic/engagement 100+,public_or_sensitive_topic,medium,source_seen,Google Trends RSS geo=US rank=5 approx_traffic=100+,"{""geo"": ""US"", ""rank"": 5, ""traffic"": ""100+"", ""sources"": [""WTAE"", ""AOL.com"", ""Franklin County Free Press""], ""engagement"": {}}",0,24-72h,ต้องให้ Marketing/Research ตีความ need ก่อน,no_direct_product_mapping,,amber,medium,medium,yes,needs_verification,social_search_trend from google_trends; repeat sightings update observations and cluster velocity
gt-us-facebook-user-privacy-settlement-08e94a7a,2026-06-05T18:02:25+07:00,google_trends,social_search_trend,https://www.nbcchicago.com/news/local/did-you-get-an-email-some-users-may-get-a-second-facebook-settlement-check-heres-why/3944248/,facebook user privacy settlement,google_trends US พบสัญญาณไวรัล 'facebook user privacy settlement' traffic/engagement 500+,public_or_sensitive_topic,medium,source_seen,Google Trends RSS geo=US rank=6 approx_traffic=500+,"{""geo"": ""US"", ""rank"": 6, ""traffic"": ""500+"", ""sources"": [""NBC 5 Chicago"", ""The Hill"", ""شبكة تواصل الإخبارية""], ""engagement"": {}}",0,24-72h,ต้องให้ Marketing/Research ตีความ need ก่อน,no_direct_product_mapping,,amber,medium,medium,yes,needs_verification,social_search_trend from google_trends; repeat sightings update observations and cluster velocity
gt-us-turks-and-caicos-b77218e6,2026-06-05T18:02:25+07:00,google_trends,social_search_trend,https://www.foxnews.com/us/overcrowded-migrant-vessel-240-people-board-intercepted-near-turks-caicos,turks and caicos,google_trends US พบสัญญาณไวรัล 'turks and caicos' traffic/engagement 1000+,private_person_or_victim,high,source_seen,Google Trends RSS geo=US rank=7 approx_traffic=1000+,"{""geo"": ""US"", ""rank"": 7, ""traffic"": ""1000+"", ""sources"": [""Fox News"", ""United States Coast Guard News (.mil)"", ""WPEC""], ""engagement"": {}}",0,24-72h,ต้องให้ Marketing/Research ตีความ need ก่อน,no_direct_product_mapping,,red,high,high,yes,red_no_product_mapping,social_search_trend from google_trends; repeat sightings update observations and cluster velocity
gt-us-matt-brown-cause-of-death-1e462251,2026-06-05T18:02:25+07:00,google_trends,social_search_trend,https://www.yahoo.com/entertainment/celebrity/articles/alaskan-bush-people-star-matt-231242503.html,matt brown cause of death,google_trends US พบสัญญาณไวรัล 'matt brown cause of death' traffic/engagement 200+,private_person_or_victim,high,source_seen,Google Trends RSS geo=US rank=8 approx_traffic=200+,"{""geo"": ""US"", ""rank"": 8, ""traffic"": ""200+"", ""sources"": [""Yahoo"", ""Fox News"", ""Alaska's News Source""], ""engagement"": {}}",0,24-72h,ต้องให้ Marketing/Research ตีความ need ก่อน,no_direct_product_mapping,,red,high,high,yes,red_no_product_mapping,social_search_trend from google_trends; repeat sightings update observations and cluster velocity
gt-us-invisible-dormant-black-hole-science-04fa8aa1,2026-06-05T18:02:25+07:00,google_trends,social_search_trend,https://www.nature.com/articles/s41586-026-10579-4,invisible dormant black hole science,google_trends US พบสัญญาณไวรัล 'invisible dormant black hole science' traffic/engagement 100+,none,low,source_seen,Google Trends RSS geo=US rank=9 approx_traffic=100+,"{""geo"": ""US"", ""rank"": 9, ""traffic"": ""100+"", ""sources"": [""Nature"", ""Live Science"", ""NASA Science (.gov)""], ""engagement"": {}}",0,24-72h,ต้องให้ Marketing/Research ตีความ need ก่อน,no_direct_product_mapping,,green,low,low,yes,needs_verification,social_search_trend from google_trends; repeat sightings update observations and cluster velocity
gt-us-wic-program-benefit-reduction-legislatio-3484612f,2026-06-05T18:02:25+07:00,google_trends,social_search_trend,https://thehill.com/homenews/house/5910698-house-agriculture-fda-appropriations-bill/,wic program benefit reduction legislation,google_trends US พบสัญญาณไวรัล 'wic program benefit reduction legislation' traffic/engagement 100+,public_or_sensitive_topic,medium,source_seen,Google Trends RSS geo=US rank=10 approx_traffic=100+,"{""geo"": ""US"", ""rank"": 10, ""traffic"": ""100+"", ""sources"": [""The Hill"", ""Alternet"", ""Politico""], ""engagement"": {}}",0,24-72h,ต้องให้ Marketing/Research ตีความ need ก่อน,no_direct_product_mapping,,amber,medium,medium,yes,needs_verification,social_search_trend from google_trends; repeat sightings update observations and cluster velocity
